-- phpMyAdmin SQL Dump
-- version 5.2.1
-- https://www.phpmyadmin.net/
--
-- Host: 127.0.0.1
-- Waktu pembuatan: 13 Nov 2023 pada 10.44
-- Versi server: 10.4.28-MariaDB
-- Versi PHP: 8.0.28

SET SQL_MODE = "NO_AUTO_VALUE_ON_ZERO";
START TRANSACTION;
SET time_zone = "+00:00";


/*!40101 SET @OLD_CHARACTER_SET_CLIENT=@@CHARACTER_SET_CLIENT */;
/*!40101 SET @OLD_CHARACTER_SET_RESULTS=@@CHARACTER_SET_RESULTS */;
/*!40101 SET @OLD_COLLATION_CONNECTION=@@COLLATION_CONNECTION */;
/*!40101 SET NAMES utf8mb4 */;

--
-- Database: `stunting`
--

-- --------------------------------------------------------

--
-- Struktur dari tabel `desa`
--

CREATE TABLE `desa` (
  `id_desa` int(11) NOT NULL,
  `id_kec` int(11) NOT NULL,
  `desa` text NOT NULL
) ENGINE=InnoDB DEFAULT CHARSET=utf8mb4 COLLATE=utf8mb4_general_ci;

--
-- Dumping data untuk tabel `desa`
--

INSERT INTO `desa` (`id_desa`, `id_kec`, `desa`) VALUES
(1, 1, 'Hunuth'),
(2, 1, 'Poka'),
(3, 1, 'Wayame'),
(4, 1, 'Tihu'),
(5, 1, 'Hative Besar'),
(6, 1, 'Laha'),
(7, 1, 'Rumah Tiga'),
(8, 1, 'Tawiri'),
(9, 2, 'Latta'),
(10, 2, 'Nania'),
(11, 2, 'Negeri Lama'),
(12, 2, 'Waiheru'),
(13, 2, 'Lateri'),
(14, 2, 'Halong'),
(15, 2, 'Passo'),
(16, 3, 'Ema'),
(17, 3, 'Hatalai'),
(18, 3, 'Hukurila'),
(19, 3, 'Hutumuri'),
(20, 3, 'Kilang'),
(21, 3, 'Leahari'),
(22, 3, 'Naku'),
(23, 3, 'Rutong'),
(24, 4, 'Galala'),
(25, 4, 'Ahusen'),
(26, 4, 'Amantelu'),
(27, 4, 'Batu Gajah'),
(28, 4, 'Batu Meja'),
(29, 4, 'Honipopu'),
(30, 4, 'Karang Panjang'),
(31, 4, 'Pandan Kasturi'),
(32, 4, 'Rijali'),
(33, 4, 'Uritetu'),
(34, 4, 'Waihoka'),
(35, 4, 'Batu Merah'),
(36, 4, 'Hative Kecil'),
(37, 4, 'Soya'),
(38, 5, 'Benteng'),
(39, 5, 'Kudamati'),
(40, 5, 'Mangga Dua'),
(41, 5, 'Kelurahan Nusaniwe'),
(42, 5, 'Silale'),
(43, 5, 'Kelurahan Urimessing'),
(44, 5, 'Waihaong'),
(45, 5, 'Wainitu'),
(46, 5, 'Amahusu'),
(47, 5, 'Latuhalat'),
(48, 5, 'Negeri Nusaniwe'),
(49, 5, 'Seilale'),
(50, 5, 'Negeri Urimessing');

-- --------------------------------------------------------

--
-- Struktur dari tabel `dt_stunting`
--

CREATE TABLE `dt_stunting` (
  `nik` varchar(16) NOT NULL,
  `id_desa` int(11) NOT NULL,
  `nama` text NOT NULL,
  `umur` text NOT NULL,
  `l/p` text NOT NULL,
  `status` text NOT NULL,
  `tgl` text NOT NULL,
  `thn` text NOT NULL
) ENGINE=InnoDB DEFAULT CHARSET=utf8mb4 COLLATE=utf8mb4_general_ci;

--
-- Dumping data untuk tabel `dt_stunting`
--

INSERT INTO `dt_stunting` (`nik`, `id_desa`, `nama`, `umur`, `l/p`, `status`, `tgl`, `thn`) VALUES
('8100904242330001', 35, 'Wilma C. Mckinney', '3', 'Laki-laki', 'Aktif', '2022-08-06', '2022'),
('8101155086730001', 10, 'Ignacia U. Booth', '8', 'Laki-laki', 'Sembuh', '2022-07-23', '2022'),
('8101221814880001', 25, 'Tamekah L. Serrano', '4', 'Perempuan', 'Gejala', '2023-09-21', '2023'),
('8101676742250001', 38, 'Joshua I. Pitts', '1', 'Laki-laki', 'Aktif', '2023-07-04', '2023'),
('8101708891680001', 30, 'Fletcher O. Holcomb', '10', 'Laki-laki', 'Aktif', '2023-09-08', '2023'),
('8101881688890001', 23, 'Anthony U. Bennett', '1', 'Laki-laki', 'Sembuh', '2022-07-10', '2022'),
('8101897744820001', 27, 'Rhona E. Irwin', '7', 'Laki-laki', 'Sembuh', '2023-06-08', '2023'),
('8102537563970001', 11, 'Eleanor L. Giles', '8', 'Perempuan', 'Sembuh', '2022-07-10', '2022'),
('8102581336540001', 40, 'Camden N. Francis', '7', 'Laki-laki', 'Sembuh', '2022-08-26', '2022'),
('8102627136910001', 39, 'Aristotle F. Rogers', '9', 'Laki-laki', 'Gejala', '2023-07-17', '2023'),
('8102662801730001', 12, 'Nathan G. Ayers', '1', 'Laki-laki', 'Sembuh', '2022-08-08', '2022'),
('8103633538550001', 30, 'Aspen P. Hamilton', '8', 'Perempuan', 'Sembuh', '2023-09-06', '2023'),
('8103776872640001', 35, 'Quinlan K. Irwin', '0', 'Perempuan', 'Gejala', '2023-07-05', '2023'),
('8104233129860001', 16, 'Ursula T. Norris', '5', 'Laki-laki', 'Aktif', '2023-09-05', '2023'),
('8104477083640001', 8, 'Orlando G. Rosales', '1', 'Perempuan', 'Aktif', '2023-09-29', '2023'),
('8104569927770001', 5, 'Amela Y. Noel', '10', 'Laki-laki', 'Aktif', '2022-09-11', '2022'),
('8104592467730001', 47, 'Randall T. Church', '4', 'Laki-laki', 'Gejala', '2023-09-15', '2023'),
('8104651253480001', 37, 'Zachary O. Francis', '8', 'Perempuan', 'Aktif', '2023-07-16', '2023'),
('8104706976770001', 50, 'Ashton V. Rodriquez', '0', 'Perempuan', 'Gejala', '2023-09-01', '2023'),
('8104711045960001', 40, 'Lillian X. Hawkins', '5', 'Laki-laki', 'Aktif', '2023-09-14', '2023'),
('8104975588160001', 24, 'Bianca U. Meyers', '6', 'Perempuan', 'Sembuh', '2023-07-02', '2023'),
('8104984377390001', 40, 'Indira N. Mathis', '5', 'Laki-laki', 'Aktif', '2023-07-13', '2023'),
('8105354136840001', 39, 'Jameson T. Washington', '4', 'Laki-laki', 'Aktif', '2022-07-01', '2022'),
('8105465545120001', 15, 'Cedric L. Fitzgerald', '5', 'Laki-laki', 'Aktif', '2023-09-24', '2023'),
('8105653551520001', 46, 'Jocelyn D. Vazquez', '3', 'Laki-laki', 'Aktif', '2022-09-14', '2022'),
('8105860501040001', 24, 'Lamar B. Mosley', '6', 'Perempuan', 'Aktif', '2023-06-28', '2023'),
('8106061173430001', 5, 'Xena V. Leonard', '0', 'Laki-laki', 'Aktif', '2023-09-06', '2023'),
('8106543522880001', 11, 'Caleb O. Bartlett', '2', 'Laki-laki', 'Gejala', '2022-07-18', '2022'),
('8106545950670001', 31, 'Hadassah X. Cleveland', '3', 'Perempuan', 'Aktif', '2023-07-31', '2023'),
('8106612993970001', 41, 'Garth U. Sears', '2', 'Perempuan', 'Sembuh', '2023-07-05', '2023'),
('8106746925130001', 27, 'Ainsley H. Price', '7', 'Laki-laki', 'Gejala', '2023-09-14', '2023'),
('8107182826770001', 5, 'Courtney W. Chase', '9', 'Laki-laki', 'Sembuh', '2023-06-30', '2023'),
('8107210233780001', 45, 'Madison I. Puckett', '6', 'Laki-laki', 'Gejala', '2022-06-10', '2022'),
('8107237918810001', 48, 'Zane H. Boone', '1', 'Laki-laki', 'Sembuh', '2023-06-05', '2023'),
('8107317904130001', 35, 'Honorato O. Lamb', '5', 'Perempuan', 'Sembuh', '2023-08-16', '2023'),
('8107364782470001', 29, 'Quynn E. Odom', '10', 'Perempuan', 'Aktif', '2023-09-29', '2023'),
('8107407381870001', 11, 'Bell V. Wooten', '5', 'Laki-laki', 'Aktif', '2023-06-30', '2023'),
('8107441517740001', 26, 'Nicole E. Rollins', '7', 'Perempuan', 'Gejala', '2022-09-09', '2022'),
('8107513018750001', 35, 'Eaton I. Wilkinson', '0', 'Laki-laki', 'Sembuh', '2022-09-15', '2022'),
('8107561473820001', 29, 'Herman V. Lyons', '6', 'Laki-laki', 'Gejala', '2023-07-05', '2023'),
('8107674242280001', 32, 'Neville Z. Newman', '4', 'Laki-laki', 'Sembuh', '2023-07-18', '2023'),
('8107747308350001', 25, 'Caryn R. Estrada', '9', 'Laki-laki', 'Gejala', '2023-07-05', '2023'),
('8107864311750001', 2, 'Charlotte U. Meyer', '0', 'Perempuan', 'Sembuh', '2023-08-25', '2023'),
('8108257486350001', 7, 'Julie S. Burris', '7', 'Laki-laki', 'Aktif', '2023-09-21', '2023'),
('8108285702080001', 6, 'Trevor Q. Lee', '2', 'Perempuan', 'Sembuh', '2023-08-23', '2023'),
('8108453118620001', 1, 'Hadley T. Walker', '8', 'Laki-laki', 'Aktif', '2023-07-12', '2023'),
('8108629451930001', 40, 'Cassandra P. Vance', '8', 'Perempuan', 'Gejala', '2023-08-29', '2023'),
('8108728394670001', 22, 'Jin N. Brady', '10', 'Laki-laki', 'Aktif', '2023-08-21', '2023'),
('8108729419120001', 36, 'Winter U. Jones', '6', 'Perempuan', 'Sembuh', '2022-07-22', '2022'),
('8108832482720001', 26, 'Cody M. Rodgers', '7', 'Laki-laki', 'Aktif', '2023-07-21', '2023'),
('8109331755310001', 19, 'Orlando O. Haley', '3', 'Laki-laki', 'Gejala', '2023-09-26', '2023'),
('8109894064480001', 18, 'Wang R. Sherman', '3', 'Laki-laki', 'Gejala', '2023-08-21', '2023'),
('8110119539200001', 46, 'Timon O. Goff', '5', 'Laki-laki', 'Sembuh', '2022-08-24', '2022'),
('8110155327850001', 31, 'Beatrice W. Rosario', '8', 'Perempuan', 'Gejala', '2022-06-18', '2022'),
('8110218308870001', 9, 'Matthew B. Glass', '9', 'Perempuan', 'Aktif', '2022-06-23', '2022'),
('8110321158820001', 29, 'Leigh X. Schneider', '9', 'Perempuan', 'Gejala', '2023-09-27', '2023'),
('8110332697780001', 41, 'Fleur E. Garcia', '0', 'Laki-laki', 'Gejala', '2023-06-30', '2023'),
('8110354242100001', 50, 'Wynter J. Lang', '2', 'Laki-laki', 'Aktif', '2023-07-22', '2023'),
('8110458546670001', 49, 'Patrick Y. Frye', '4', 'Perempuan', 'Sembuh', '2023-07-19', '2023'),
('8110875637300001', 33, 'Miranda I. House', '1', 'Perempuan', 'Aktif', '2023-08-18', '2023'),
('8110963994630001', 13, 'Jelani M. Reed', '8', 'Laki-laki', 'Aktif', '2023-09-22', '2023'),
('8111051645300001', 45, 'Alexander I. Crane', '6', 'Perempuan', 'Aktif', '2023-09-29', '2023'),
('8111128510860001', 49, 'Amir Q. Nixon', '6', 'Laki-laki', 'Sembuh', '2022-09-14', '2022'),
('8111152529300001', 39, 'Tatum C. Jacobson', '9', 'Laki-laki', 'Aktif', '2022-07-18', '2022'),
('8111173506460001', 9, 'Jason H. Spencer', '1', 'Laki-laki', 'Aktif', '2022-08-12', '2022'),
('8111208254880001', 34, 'Elmo F. Strickland', '5', 'Perempuan', 'Sembuh', '2023-07-03', '2023'),
('8111316882150001', 21, 'Dieter K. Holder', '9', 'Perempuan', 'Sembuh', '2022-09-29', '2022'),
('8111346267120001', 20, 'Thor G. Keller', '9', 'Laki-laki', 'Aktif', '2022-07-16', '2022'),
('8111354356440001', 29, 'Colleen F. Stephenson', '4', 'Perempuan', 'Gejala', '2023-08-12', '2023'),
('8111365141790001', 14, 'Aiko G. Thornton', '3', 'Laki-laki', 'Sembuh', '2022-08-03', '2022'),
('8111398766940001', 13, 'Gloria V. Levy', '2', 'Laki-laki', 'Sembuh', '2023-09-18', '2023'),
('8111435661150001', 41, 'Ori E. Howell', '5', 'Laki-laki', 'Sembuh', '2023-08-27', '2023'),
('8111436140530001', 29, 'Sacha R. Valdez', '8', 'Perempuan', 'Sembuh', '2023-08-11', '2023'),
('8111465694310001', 2, 'Amena G. Finch', '5', 'Laki-laki', 'Gejala', '2023-08-30', '2023'),
('8111554582060001', 4, 'Zephania D. Watkins', '5', 'Perempuan', 'Sembuh', '2022-09-28', '2022'),
('8111557657460001', 42, 'Ulric I. Ward', '7', 'Perempuan', 'Aktif', '2023-06-08', '2023'),
('8111558538280001', 1, 'Moses X. O\'donnell', '2', 'Perempuan', 'Gejala', '2023-06-02', '2023'),
('8111817937630001', 48, 'Reagan W. Craft', '5', 'Perempuan', 'Aktif', '2023-06-11', '2023'),
('8111861572270001', 35, 'Zia M. Hughes', '8', 'Laki-laki', 'Aktif', '2023-06-22', '2023'),
('8111886564450001', 47, 'Seth Z. Christian', '3', 'Perempuan', 'Sembuh', '2023-08-14', '2023'),
('8112125062550001', 26, 'Mannix V. Atkins', '5', 'Laki-laki', 'Aktif', '2022-07-27', '2022'),
('8112156654140001', 39, 'April N. Preston', '7', 'Perempuan', 'Gejala', '2023-06-25', '2023'),
('8112218240880001', 41, 'Noel D. Blake', '6', 'Laki-laki', 'Gejala', '2022-07-04', '2022'),
('8112255452450001', 27, 'Lucian C. Foley', '8', 'Perempuan', 'Gejala', '2023-08-10', '2023'),
('8112423937650001', 3, 'Hollee I. Kelly', '8', 'Perempuan', 'Gejala', '2023-06-14', '2023'),
('8112523916150001', 30, 'Halee O. Wilder', '5', 'Perempuan', 'Sembuh', '2022-09-30', '2022'),
('8112529982100001', 39, 'Claudia V. Griffith', '9', 'Perempuan', 'Aktif', '2022-08-08', '2022'),
('8112564858600001', 20, 'Fletcher K. Duncan', '1', 'Laki-laki', 'Gejala', '2023-06-15', '2023'),
('8112829428570001', 7, 'Connor O. Dean', '6', 'Perempuan', 'Sembuh', '2023-08-29', '2023'),
('8113122612720001', 26, 'Chancellor C. Baker', '4', 'Perempuan', 'Sembuh', '2022-07-21', '2022'),
('8113133215230001', 28, 'Erica B. Eaton', '4', 'Laki-laki', 'Aktif', '2023-06-02', '2023'),
('8113187507550001', 15, 'Kyra Y. Sheppard', '8', 'Laki-laki', 'Sembuh', '2023-06-16', '2023'),
('8113223884320001', 46, 'Benedict H. Shaw', '5', 'Perempuan', 'Aktif', '2023-07-20', '2023'),
('8113276853660001', 37, 'Aspen W. Davis', '7', 'Laki-laki', 'Sembuh', '2022-08-17', '2022'),
('8113711634000001', 41, 'Kenyon C. Abbott', '4', 'Laki-laki', 'Gejala', '2023-09-14', '2023'),
('8113754137770001', 38, 'Otto M. Haley', '2', 'Perempuan', 'Gejala', '2023-07-30', '2023'),
('8113871243420001', 35, 'Quin I. Oneal', '4', 'Perempuan', 'Sembuh', '2023-09-30', '2023'),
('8113881463990001', 7, 'Sophia X. Aguirre', '1', 'Laki-laki', 'Aktif', '2023-07-18', '2023'),
('8114045714560001', 34, 'Olivia X. Diaz', '8', 'Laki-laki', 'Sembuh', '2023-06-21', '2023'),
('8114074253470001', 27, 'Hayfa V. Chang', '9', 'Perempuan', 'Aktif', '2022-06-15', '2022'),
('8114107434440001', 13, 'Ali Y. Crawford', '2', 'Perempuan', 'Sembuh', '2023-07-24', '2023'),
('8114122857770001', 2, 'Aphrodite N. Barrett', '3', 'Perempuan', 'Aktif', '2022-07-19', '2022'),
('8114126728580001', 38, 'Bree Y. Martin', '6', 'Laki-laki', 'Sembuh', '2023-08-05', '2023'),
('8114322124650001', 9, 'Jemima T. Thornton', '7', 'Perempuan', 'Gejala', '2023-09-26', '2023'),
('8114481507320001', 8, 'Adele Y. Harrell', '1', 'Laki-laki', 'Sembuh', '2023-08-20', '2023'),
('8114523358150001', 27, 'Hasad D. Chambers', '9', 'Perempuan', 'Gejala', '2022-08-27', '2022'),
('8114523824120001', 35, 'Ian R. Padilla', '7', 'Laki-laki', 'Gejala', '2022-09-25', '2022'),
('8114687513280001', 42, 'Armando F. Oneal', '8', 'Laki-laki', 'Sembuh', '2023-08-06', '2023'),
('8114744751190001', 6, 'Freya K. Burton', '9', 'Perempuan', 'Aktif', '2023-07-28', '2023'),
('8114777588830001', 20, 'Whitney C. Guerrero', '9', 'Perempuan', 'Aktif', '2023-07-08', '2023'),
('8114778017930001', 40, 'Freya I. Langley', '7', 'Perempuan', 'Sembuh', '2023-09-10', '2023'),
('8114833638210001', 46, 'Mason A. Prince', '9', 'Laki-laki', 'Sembuh', '2023-07-10', '2023'),
('8114846282770001', 46, 'Guy C. Floyd', '0', 'Perempuan', 'Sembuh', '2022-09-08', '2022'),
('8114888713670001', 13, 'Marsden U. Travis', '4', 'Laki-laki', 'Gejala', '2022-08-20', '2022'),
('8114911601380001', 18, 'Patricia O. Benson', '9', 'Laki-laki', 'Sembuh', '2023-08-22', '2023'),
('8115153885330001', 37, 'Kai W. Cain', '3', 'Perempuan', 'Sembuh', '2022-06-18', '2022'),
('8115167106030001', 38, 'Hayley Q. Barrett', '2', 'Laki-laki', 'Sembuh', '2023-08-21', '2023'),
('8115372728450001', 26, 'Orli U. Bennett', '1', 'Laki-laki', 'Aktif', '2022-06-13', '2022'),
('8115379174090001', 16, 'Reuben U. Sheppard', '7', 'Laki-laki', 'Gejala', '2022-06-29', '2022'),
('8115414342920001', 35, 'Amelia N. Jensen', '6', 'Laki-laki', 'Gejala', '2023-08-01', '2023'),
('8115515704870001', 31, 'Denise A. William', '7', 'Laki-laki', 'Sembuh', '2023-06-07', '2023'),
('8115884883580001', 15, 'Abraham O. Pruitt', '3', 'Perempuan', 'Gejala', '2022-09-05', '2022'),
('8115996887470001', 18, 'Jackson C. Suarez', '9', 'Laki-laki', 'Sembuh', '2023-08-27', '2023'),
('8116140863860001', 46, 'Sydnee Y. Le', '8', 'Laki-laki', 'Gejala', '2023-07-01', '2023'),
('8116155948540001', 22, 'Hedda N. Kirby', '10', 'Perempuan', 'Sembuh', '2023-08-30', '2023'),
('8116247902870001', 40, 'Mohammad C. Burnett', '7', 'Laki-laki', 'Gejala', '2023-09-01', '2023'),
('8116324482510001', 14, 'Jessamine Y. Sandoval', '3', 'Perempuan', 'Gejala', '2022-07-10', '2022'),
('8116328216340001', 33, 'Quinlan U. Haynes', '6', 'Laki-laki', 'Gejala', '2023-09-23', '2023'),
('8116332245150001', 17, 'Arthur E. Garner', '5', 'Laki-laki', 'Sembuh', '2023-09-20', '2023'),
('8116532504770001', 42, 'Ivory M. Powell', '1', 'Laki-laki', 'Gejala', '2023-09-22', '2023'),
('8116588857290001', 9, 'Scott B. Walker', '6', 'Laki-laki', 'Aktif', '2023-08-11', '2023'),
('8116675342810001', 48, 'Nola H. Mccray', '5', 'Perempuan', 'Gejala', '2022-08-14', '2022'),
('8116802613540001', 44, 'Travis H. Hurley', '9', 'Laki-laki', 'Gejala', '2022-08-23', '2022'),
('8116805631850001', 46, 'Brenden N. Burris', '9', 'Perempuan', 'Aktif', '2022-08-02', '2022'),
('8116810256530001', 29, 'Brenda O. Barnes', '9', 'Laki-laki', 'Gejala', '2023-07-30', '2023'),
('8116824095610001', 20, 'May X. Mcfarland', '3', 'Perempuan', 'Gejala', '2023-08-19', '2023'),
('8116868769060001', 6, 'Sasha Y. Hunter', '1', 'Laki-laki', 'Gejala', '2022-09-21', '2022'),
('8117124193600001', 12, 'Lucas D. Fowler', '2', 'Laki-laki', 'Gejala', '2023-07-30', '2023'),
('8117124571200001', 28, 'Kuame G. Kirkland', '8', 'Laki-laki', 'Aktif', '2022-07-05', '2022'),
('8117378122640001', 6, 'Clio G. Tanner', '9', 'Laki-laki', 'Aktif', '2022-09-18', '2022'),
('8117389937150001', 46, 'Kelsey P. Moody', '7', 'Laki-laki', 'Gejala', '2023-06-24', '2023'),
('8117528901730001', 17, 'Cade G. Potter', '8', 'Perempuan', 'Aktif', '2023-08-22', '2023'),
('8117686065630001', 30, 'Karyn C. Jarvis', '10', 'Laki-laki', 'Gejala', '2023-06-21', '2023'),
('8117726080070001', 18, 'MacKensie Y. Stein', '7', 'Laki-laki', 'Gejala', '2023-09-13', '2023'),
('8117771154480001', 14, 'Sean V. Ramos', '3', 'Perempuan', 'Sembuh', '2022-07-18', '2022'),
('8117801465630001', 9, 'Basil J. Hart', '5', 'Laki-laki', 'Sembuh', '2022-06-25', '2022'),
('8118269361440001', 24, 'Rebecca B. Gallegos', '1', 'Laki-laki', 'Aktif', '2023-09-08', '2023'),
('8118329285700001', 18, 'Rylee Y. Paul', '7', 'Perempuan', 'Sembuh', '2022-09-29', '2022'),
('8118405185590001', 21, 'Shannon E. Moon', '5', 'Laki-laki', 'Sembuh', '2023-08-27', '2023'),
('8118417117860001', 24, 'Fredericka H. Melendez', '5', 'Perempuan', 'Gejala', '2023-06-07', '2023'),
('8118435638480001', 36, 'Keefe J. Avery', '4', 'Perempuan', 'Gejala', '2023-08-25', '2023'),
('8118537615860001', 7, 'Raven D. Hood', '0', 'Laki-laki', 'Sembuh', '2023-09-09', '2023'),
('8118734724350001', 27, 'Indira K. Cervantes', '0', 'Perempuan', 'Gejala', '2022-07-01', '2022'),
('8118787981820001', 33, 'Yardley K. Grimes', '8', 'Perempuan', 'Aktif', '2023-08-05', '2023'),
('8118811567310001', 7, 'Omar G. Moran', '6', 'Perempuan', 'Sembuh', '2022-09-10', '2022'),
('8118828535770001', 3, 'Jordan C. Merrill', '7', 'Perempuan', 'Aktif', '2022-06-30', '2022'),
('8118836724220001', 38, 'Basia H. Oneil', '4', 'Laki-laki', 'Sembuh', '2022-06-23', '2022'),
('8119122314200001', 19, 'Xander H. Tucker', '3', 'Laki-laki', 'Aktif', '2023-06-19', '2023'),
('8119128635460001', 12, 'Uta H. Perkins', '9', 'Perempuan', 'Aktif', '2022-09-27', '2022'),
('8119561798170001', 16, 'Shellie Z. Porter', '4', 'Laki-laki', 'Gejala', '2022-06-18', '2022'),
('8119600735690001', 39, 'Elmo B. Day', '7', 'Perempuan', 'Sembuh', '2023-07-30', '2023'),
('8119666035890001', 34, 'Lewis M. Powers', '9', 'Laki-laki', 'Aktif', '2022-08-03', '2022'),
('8119668901270001', 12, 'Oliver N. Gallegos', '4', 'Perempuan', 'Aktif', '2023-07-01', '2023'),
('8119747250170001', 5, 'Rudyard V. Jensen', '9', 'Perempuan', 'Gejala', '2023-08-20', '2023'),
('8119815166960001', 13, 'Brent O. Whitfield', '6', 'Perempuan', 'Aktif', '2023-06-26', '2023'),
('8120047146650001', 18, 'Fay L. Grant', '3', 'Perempuan', 'Gejala', '2022-06-19', '2022'),
('8120674551230001', 25, 'Kitra I. Owens', '2', 'Laki-laki', 'Sembuh', '2023-09-02', '2023'),
('8120746485850001', 10, 'Nayda O. Rowland', '7', 'Perempuan', 'Aktif', '2023-09-17', '2023'),
('8120816318840001', 33, 'Nissim H. Wiley', '9', 'Perempuan', 'Sembuh', '2023-07-22', '2023'),
('8120826446050001', 32, 'Caesar Q. Knight', '4', 'Laki-laki', 'Sembuh', '2023-08-09', '2023'),
('8120971257670001', 30, 'Xenos J. Weaver', '8', 'Perempuan', 'Gejala', '2022-09-06', '2022'),
('8121130249240001', 23, 'Nigel B. Small', '4', 'Laki-laki', 'Gejala', '2023-06-29', '2023'),
('8121288473520001', 21, 'Ifeoma V. Terrell', '2', 'Laki-laki', 'Sembuh', '2022-06-13', '2022'),
('8121405159460001', 20, 'Otto G. Lowe', '3', 'Perempuan', 'Sembuh', '2023-06-10', '2023'),
('8121415544870001', 15, 'Cameron T. Hoover', '2', 'Laki-laki', 'Aktif', '2022-06-07', '2022'),
('8121436112840001', 20, 'Lisandra U. Mcknight', '2', 'Perempuan', 'Gejala', '2022-09-09', '2022'),
('8121452556200001', 15, 'Fallon F. Wade', '3', 'Laki-laki', 'Gejala', '2023-06-16', '2023'),
('8121462449820001', 22, 'Alexander W. Conway', '7', 'Laki-laki', 'Aktif', '2022-07-06', '2022'),
('8121573316830001', 29, 'Macy A. Wilkinson', '2', 'Laki-laki', 'Gejala', '2023-07-24', '2023'),
('8121681922750001', 44, 'Irma T. Velez', '1', 'Perempuan', 'Aktif', '2022-09-30', '2022'),
('8121699356460001', 25, 'May F. Beach', '6', 'Perempuan', 'Sembuh', '2023-07-13', '2023'),
('8121936800130001', 7, 'Tanisha K. Parks', '4', 'Perempuan', 'Aktif', '2022-08-19', '2022'),
('8122121935080001', 18, 'Karleigh G. Anderson', '8', 'Perempuan', 'Sembuh', '2022-08-29', '2022'),
('8122157714460001', 17, 'Sade K. Hewitt', '9', 'Laki-laki', 'Gejala', '2023-09-26', '2023'),
('8122286037370001', 1, 'Signe D. Cleveland', '1', 'Perempuan', 'Sembuh', '2023-08-31', '2023'),
('8122337244730001', 9, 'Leila W. Graves', '6', 'Laki-laki', 'Aktif', '2023-07-26', '2023'),
('8122363789520001', 6, 'Raya A. Berger', '7', 'Perempuan', 'Sembuh', '2023-09-09', '2023'),
('8122485321930001', 15, 'Warren P. Martinez', '1', 'Perempuan', 'Gejala', '2023-06-24', '2023'),
('8122581369420001', 18, 'Guy O. Marsh', '4', 'Perempuan', 'Aktif', '2023-08-21', '2023'),
('8122590643670001', 11, 'Craig K. Wise', '2', 'Laki-laki', 'Sembuh', '2022-07-23', '2022'),
('8122605860520001', 44, 'Ryder W. Mcbride', '7', 'Perempuan', 'Gejala', '2023-09-29', '2023'),
('8122703151470001', 39, 'Hamilton L. Duran', '7', 'Perempuan', 'Aktif', '2023-07-22', '2023'),
('8122734619220001', 1, 'Raya Y. Ramos', '4', 'Perempuan', 'Aktif', '2022-06-22', '2022'),
('8122816162840001', 41, 'Ulla L. Melton', '3', 'Perempuan', 'Gejala', '2023-08-10', '2023'),
('8123050894270001', 21, 'Cailin H. Jacobson', '7', 'Perempuan', 'Sembuh', '2023-07-03', '2023'),
('8123113756360001', 14, 'Piper Y. Cherry', '9', 'Perempuan', 'Aktif', '2023-06-25', '2023'),
('8123117665450001', 4, 'Jorden U. Copeland', '5', 'Perempuan', 'Aktif', '2023-07-05', '2023'),
('8123135514140001', 40, 'Guy L. Abbott', '3', 'Perempuan', 'Gejala', '2023-06-29', '2023'),
('8123204553010001', 35, 'Libby Q. Clemons', '2', 'Laki-laki', 'Sembuh', '2023-06-04', '2023'),
('8123255589800001', 43, 'Jakeem G. Moody', '8', 'Perempuan', 'Gejala', '2022-06-19', '2022'),
('8123275567870001', 13, 'Adrian F. Franklin', '4', 'Laki-laki', 'Aktif', '2022-06-21', '2022'),
('8123341150870001', 23, 'Eagan Z. Bolton', '6', 'Perempuan', 'Sembuh', '2023-06-04', '2023'),
('8123409684620001', 7, 'Lacota X. William', '2', 'Laki-laki', 'Gejala', '2023-08-08', '2023'),
('8123575436260001', 41, 'Janna K. Cardenas', '8', 'Laki-laki', 'Gejala', '2023-06-26', '2023'),
('8123576622590001', 11, 'Aurora Q. Mcguire', '1', 'Laki-laki', 'Gejala', '2023-07-07', '2023'),
('8123715334920001', 10, 'Felicia V. Blake', '9', 'Laki-laki', 'Gejala', '2023-09-18', '2023'),
('8123738703570001', 15, 'Ramona W. Park', '3', 'Perempuan', 'Gejala', '2023-08-17', '2023'),
('8123756364130001', 22, 'Rooney H. Rhodes', '2', 'Laki-laki', 'Gejala', '2023-07-02', '2023'),
('8124059655630001', 9, 'Stone S. Zamora', '7', 'Laki-laki', 'Sembuh', '2022-08-05', '2022'),
('8124162162780001', 6, 'Hakeem E. Mcknight', '1', 'Perempuan', 'Aktif', '2022-09-10', '2022'),
('8124324636780001', 45, 'Bree P. Mayer', '1', 'Laki-laki', 'Aktif', '2023-06-14', '2023'),
('8124357981380001', 21, 'MacKensie A. Rodriquez', '5', 'Laki-laki', 'Aktif', '2022-06-18', '2022'),
('8124463512520001', 43, 'Basia Z. Strickland', '2', 'Perempuan', 'Sembuh', '2023-07-29', '2023'),
('8124488758250001', 8, 'Lane G. Walter', '6', 'Perempuan', 'Sembuh', '2022-06-07', '2022'),
('8124700173120001', 20, 'Shad T. Robertson', '4', 'Perempuan', 'Aktif', '2022-09-29', '2022'),
('8124736422430001', 37, 'Geoffrey P. Robbins', '7', 'Perempuan', 'Sembuh', '2023-09-11', '2023'),
('8124805491330001', 11, 'Ignacia Y. Ortega', '8', 'Laki-laki', 'Gejala', '2023-09-01', '2023'),
('8124843433860001', 40, 'Colorado Q. Bray', '5', 'Perempuan', 'Aktif', '2023-08-06', '2023'),
('8124867537850001', 41, 'Erin M. Hurst', '2', 'Laki-laki', 'Sembuh', '2023-09-26', '2023'),
('8124951160320001', 7, 'Tatiana M. Fox', '9', 'Perempuan', 'Gejala', '2022-06-11', '2022'),
('8125186156840001', 45, 'Alana U. Hull', '0', 'Perempuan', 'Sembuh', '2022-09-20', '2022'),
('8125373435570001', 45, 'Vance C. Barton', '2', 'Laki-laki', 'Aktif', '2023-07-22', '2023'),
('8125400718250001', 34, 'Dara Y. Massey', '3', 'Perempuan', 'Gejala', '2023-09-09', '2023'),
('8125407469150001', 13, 'Lunea Q. Flowers', '8', 'Laki-laki', 'Sembuh', '2022-09-11', '2022'),
('8125473540910001', 37, 'Timothy N. Pruitt', '1', 'Perempuan', 'Gejala', '2023-08-15', '2023'),
('8125565025550001', 13, 'Duncan T. Mccoy', '9', 'Laki-laki', 'Aktif', '2022-07-13', '2022'),
('8125638356210001', 27, 'Zephania W. Beach', '4', 'Perempuan', 'Gejala', '2023-06-30', '2023'),
('8125703382850001', 41, 'Lacy U. Lancaster', '3', 'Laki-laki', 'Gejala', '2022-07-12', '2022'),
('8125728866330001', 5, 'Brent A. Daniels', '6', 'Laki-laki', 'Gejala', '2023-06-12', '2023'),
('8125821839590001', 24, 'Akeem K. Thomas', '9', 'Laki-laki', 'Aktif', '2022-07-05', '2022'),
('8125868882680001', 6, 'Brandon C. Mejia', '3', 'Perempuan', 'Gejala', '2023-09-30', '2023'),
('8126064342040001', 23, 'Jayme H. Davenport', '0', 'Laki-laki', 'Gejala', '2022-08-01', '2022'),
('8126116359840001', 39, 'Phyllis G. Patel', '8', 'Perempuan', 'Aktif', '2022-09-09', '2022'),
('8126200088830001', 37, 'Melodie Q. Glover', '2', 'Laki-laki', 'Sembuh', '2022-08-14', '2022'),
('8126397183530001', 9, 'Rina U. Bell', '9', 'Perempuan', 'Aktif', '2022-09-23', '2022'),
('8126397538310001', 30, 'Reed Q. Coffey', '5', 'Laki-laki', 'Gejala', '2023-07-05', '2023'),
('8126488545860001', 14, 'Cassady V. Poole', '6', 'Laki-laki', 'Sembuh', '2023-07-15', '2023'),
('8126636321590001', 41, 'Giselle T. Conrad', '0', 'Perempuan', 'Sembuh', '2023-09-28', '2023'),
('8126699873940001', 6, 'Penelope J. Curry', '10', 'Perempuan', 'Aktif', '2023-08-05', '2023'),
('8126738608910001', 48, 'Josiah J. Carlson', '1', 'Perempuan', 'Sembuh', '2022-09-30', '2022'),
('8126742837530001', 3, 'Florence W. Mcclure', '8', 'Perempuan', 'Aktif', '2023-08-02', '2023'),
('8126745245760001', 19, 'Jocelyn K. Christensen', '3', 'Laki-laki', 'Sembuh', '2023-07-08', '2023'),
('8126780135610001', 37, 'Hermione U. Norman', '3', 'Perempuan', 'Gejala', '2022-06-24', '2022'),
('8126894585110001', 49, 'Vivien P. Pace', '6', 'Laki-laki', 'Sembuh', '2023-06-26', '2023'),
('8126974757540001', 39, 'Erin S. Cline', '4', 'Perempuan', 'Sembuh', '2022-08-23', '2022'),
('8127044721960001', 39, 'Lee D. Spence', '3', 'Perempuan', 'Sembuh', '2022-09-24', '2022'),
('8127237764120001', 7, 'Hamish O. Austin', '4', 'Perempuan', 'Aktif', '2023-09-16', '2023'),
('8127312828250001', 22, 'Russell N. Barnett', '8', 'Laki-laki', 'Sembuh', '2023-08-13', '2023'),
('8127314529990001', 14, 'Allistair K. Bradley', '6', 'Perempuan', 'Aktif', '2022-07-21', '2022'),
('8127372453860001', 34, 'Susan P. Levy', '2', 'Laki-laki', 'Aktif', '2023-07-16', '2023'),
('8127523254750001', 12, 'Yoshio I. Rios', '9', 'Laki-laki', 'Aktif', '2023-08-21', '2023'),
('8127584806620001', 30, 'Donovan B. Hatfield', '7', 'Laki-laki', 'Sembuh', '2023-06-28', '2023'),
('8127626535730001', 16, 'Rooney H. Wiley', '8', 'Laki-laki', 'Aktif', '2022-06-17', '2022'),
('8127724446150001', 30, 'Phelan B. Moon', '6', 'Perempuan', 'Aktif', '2022-08-22', '2022'),
('8127733395320001', 43, 'Molly J. Moore', '2', 'Perempuan', 'Gejala', '2023-06-16', '2023'),
('8127972423820001', 19, 'Logan C. Trujillo', '8', 'Perempuan', 'Gejala', '2022-07-22', '2022'),
('8128137439500001', 28, 'Keiko R. Sutton', '8', 'Laki-laki', 'Sembuh', '2022-07-22', '2022'),
('8128145745790001', 36, 'Sarah P. Conner', '4', 'Perempuan', 'Sembuh', '2023-08-12', '2023'),
('8128170143570001', 44, 'Kieran R. Mathis', '6', 'Perempuan', 'Sembuh', '2022-08-21', '2022'),
('8128184188800001', 26, 'Nero F. Lawson', '6', 'Laki-laki', 'Gejala', '2023-07-23', '2023'),
('8128241613330001', 6, 'Orli U. William', '5', 'Laki-laki', 'Sembuh', '2023-09-14', '2023'),
('8128247167310001', 46, 'Bruce F. Bradshaw', '4', 'Perempuan', 'Sembuh', '2023-06-09', '2023'),
('8128266338340001', 31, 'Theodore G. Ramos', '1', 'Laki-laki', 'Sembuh', '2022-09-10', '2022'),
('8128432647610001', 28, 'Vincent S. Herring', '1', 'Laki-laki', 'Sembuh', '2022-06-02', '2022'),
('8128454787990001', 7, 'Patrick P. Miller', '5', 'Perempuan', 'Gejala', '2022-08-01', '2022'),
('8128457039020001', 21, 'Sybil W. Santiago', '0', 'Perempuan', 'Sembuh', '2023-09-16', '2023'),
('8128666612250001', 25, 'Joan J. Monroe', '3', 'Perempuan', 'Aktif', '2023-09-14', '2023'),
('8128679282410001', 3, 'Quail E. Soto', '7', 'Perempuan', 'Sembuh', '2023-08-23', '2023'),
('8128741284780001', 13, 'Justin E. Hubbard', '5', 'Laki-laki', 'Sembuh', '2023-07-22', '2023'),
('8128814937770001', 7, 'Candace J. Mayer', '7', 'Perempuan', 'Aktif', '2022-07-05', '2022'),
('8128862513480001', 43, 'Owen H. Stanley', '7', 'Laki-laki', 'Sembuh', '2023-07-18', '2023'),
('8128872263930001', 12, 'Adrienne J. Walsh', '0', 'Laki-laki', 'Aktif', '2022-07-06', '2022'),
('8128898252180001', 14, 'Silas T. Miles', '9', 'Laki-laki', 'Sembuh', '2023-08-30', '2023'),
('8129325560540001', 43, 'Autumn L. Bartlett', '8', 'Laki-laki', 'Aktif', '2023-08-12', '2023'),
('8129525788540001', 28, 'Iola L. Glass', '0', 'Laki-laki', 'Aktif', '2023-08-06', '2023'),
('8129569377210001', 37, 'Vincent R. Hickman', '1', 'Laki-laki', 'Sembuh', '2023-08-03', '2023'),
('8129618389690001', 3, 'Wade K. Dillon', '5', 'Laki-laki', 'Aktif', '2023-07-10', '2023'),
('8129689735860001', 35, 'Quemby N. Franco', '8', 'Perempuan', 'Aktif', '2023-08-02', '2023'),
('8130167457650001', 24, 'Helen E. Vazquez', '1', 'Perempuan', 'Gejala', '2023-07-08', '2023'),
('8130281181420001', 24, 'Jennifer U. Randolph', '8', 'Laki-laki', 'Sembuh', '2022-08-23', '2022'),
('8130288166190001', 37, 'Ariel F. Boyd', '9', 'Perempuan', 'Gejala', '2023-08-12', '2023'),
('8130629316750001', 6, 'Quon M. Greer', '2', 'Laki-laki', 'Gejala', '2022-08-09', '2022'),
('8131003339730001', 29, 'Gillian L. Mayo', '8', 'Perempuan', 'Sembuh', '2023-09-01', '2023'),
('8131652789370001', 42, 'Julian R. Romero', '5', 'Perempuan', 'Sembuh', '2022-09-08', '2022'),
('8131655465550001', 32, 'Desirae R. Murray', '3', 'Laki-laki', 'Sembuh', '2023-07-29', '2023'),
('8131683163620001', 9, 'Ainsley J. Sanchez', '9', 'Laki-laki', 'Aktif', '2022-07-13', '2022'),
('8131724242460001', 14, 'Acton I. Dean', '1', 'Perempuan', 'Aktif', '2023-08-16', '2023'),
('8131724654350001', 13, 'Renee T. Maxwell', '9', 'Perempuan', 'Gejala', '2022-08-12', '2022'),
('8131745128710001', 5, 'Eaton J. Gibbs', '9', 'Perempuan', 'Aktif', '2022-07-01', '2022'),
('8131787180840001', 38, 'Cailin K. Dennis', '8', 'Laki-laki', 'Sembuh', '2022-06-28', '2022'),
('8131832762610001', 22, 'Uta O. Parsons', '6', 'Perempuan', 'Aktif', '2022-07-25', '2022'),
('8132035846140001', 15, 'Leandra A. Olson', '8', 'Laki-laki', 'Aktif', '2023-09-12', '2023'),
('8132051562650001', 50, 'Sybill E. Velazquez', '9', 'Laki-laki', 'Aktif', '2023-08-21', '2023'),
('8132108511880001', 48, 'Lucian T. Morin', '6', 'Laki-laki', 'Gejala', '2023-09-01', '2023'),
('8132134048280001', 29, 'Rhoda Q. Cervantes', '5', 'Laki-laki', 'Aktif', '2023-09-04', '2023'),
('8132175481920001', 35, 'Hilel M. Hanson', '9', 'Perempuan', 'Sembuh', '2023-07-11', '2023'),
('8132224072850001', 25, 'Shelby T. Dalton', '9', 'Laki-laki', 'Sembuh', '2023-07-29', '2023'),
('8132279736530001', 19, 'Tamekah H. Duncan', '7', 'Perempuan', 'Gejala', '2023-09-23', '2023'),
('8132335248160001', 5, 'Oscar A. Carr', '0', 'Laki-laki', 'Sembuh', '2023-06-10', '2023'),
('8132383926840001', 15, 'Nasim O. Salinas', '7', 'Perempuan', 'Sembuh', '2023-09-06', '2023'),
('8132425463530001', 9, 'Carly J. Booth', '10', 'Perempuan', 'Gejala', '2022-09-23', '2022'),
('8132493222930001', 18, 'Clio L. Alford', '9', 'Perempuan', 'Sembuh', '2023-09-21', '2023'),
('8132516671870001', 47, 'Montana U. Guerra', '5', 'Perempuan', 'Sembuh', '2022-09-04', '2022'),
('8132524423110001', 3, 'McKenzie O. Joyce', '3', 'Laki-laki', 'Gejala', '2023-09-01', '2023'),
('8132585799870001', 27, 'Robin Y. Bonner', '7', 'Perempuan', 'Gejala', '2022-06-25', '2022'),
('8132795111560001', 42, 'Hadassah W. Davis', '5', 'Perempuan', 'Sembuh', '2022-09-27', '2022'),
('8132827886680001', 19, 'Kathleen E. Chen', '2', 'Perempuan', 'Aktif', '2023-06-17', '2023'),
('8132883544240001', 15, 'Virginia L. Bender', '2', 'Laki-laki', 'Gejala', '2022-07-12', '2022'),
('8133148203940001', 23, 'Fredericka W. Garrison', '8', 'Perempuan', 'Aktif', '2023-06-27', '2023'),
('8133277787640001', 31, 'Brady K. Galloway', '0', 'Laki-laki', 'Aktif', '2022-09-07', '2022'),
('8133284351700001', 15, 'Yuli T. Velez', '8', 'Perempuan', 'Aktif', '2022-09-10', '2022'),
('8133321586640001', 39, 'Ivory L. Hess', '4', 'Perempuan', 'Sembuh', '2022-07-11', '2022'),
('8133347157280001', 38, 'Neve H. Dennis', '4', 'Laki-laki', 'Gejala', '2023-07-14', '2023'),
('8133427258490001', 13, 'Ima S. Harmon', '2', 'Laki-laki', 'Aktif', '2023-09-24', '2023'),
('8133444080560001', 35, 'Mona T. Osborne', '5', 'Perempuan', 'Aktif', '2023-06-21', '2023'),
('8133539111480001', 44, 'Demetria C. Day', '5', 'Laki-laki', 'Sembuh', '2022-06-03', '2022'),
('8133735456460001', 33, 'Tanek W. Trevino', '10', 'Laki-laki', 'Gejala', '2023-07-20', '2023'),
('8133788303530001', 16, 'Kyra W. Mosley', '9', 'Laki-laki', 'Gejala', '2022-06-27', '2022'),
('8134028614420001', 27, 'Drake R. Patton', '6', 'Laki-laki', 'Sembuh', '2022-09-24', '2022'),
('8134133157820001', 21, 'Ingrid D. Hardy', '3', 'Perempuan', 'Gejala', '2023-08-14', '2023'),
('8134183587370001', 42, 'Stacey T. Stevenson', '3', 'Perempuan', 'Aktif', '2023-09-16', '2023'),
('8134212403270001', 3, 'Virginia I. Mclean', '3', 'Perempuan', 'Sembuh', '2023-08-18', '2023'),
('8134275288260001', 42, 'Herman J. Walsh', '2', 'Laki-laki', 'Aktif', '2023-07-08', '2023'),
('8134324268710001', 4, 'Ivan K. Cline', '4', 'Laki-laki', 'Aktif', '2022-07-21', '2022'),
('8134329292180001', 13, 'Carissa K. Cameron', '0', 'Perempuan', 'Gejala', '2022-06-18', '2022'),
('8134408675140001', 42, 'Gavin N. Mcclure', '2', 'Perempuan', 'Gejala', '2023-09-10', '2023'),
('8134435583630001', 13, 'Allistair H. Burgess', '9', 'Laki-laki', 'Aktif', '2023-07-23', '2023'),
('8134524300050001', 42, 'Bert N. Hodge', '6', 'Laki-laki', 'Sembuh', '2023-06-15', '2023'),
('8134551082810001', 1, 'Denton N. Cantrell', '2', 'Laki-laki', 'Sembuh', '2023-09-26', '2023'),
('8134637885210001', 30, 'Lucas C. Jacobson', '1', 'Laki-laki', 'Sembuh', '2022-07-18', '2022'),
('8134646872650001', 40, 'Kai K. Wynn', '3', 'Perempuan', 'Sembuh', '2023-08-07', '2023'),
('8134653185890001', 17, 'Jennifer H. Bradshaw', '1', 'Perempuan', 'Gejala', '2023-07-01', '2023'),
('8134736114070001', 4, 'Camilla D. Lott', '9', 'Perempuan', 'Sembuh', '2023-07-17', '2023'),
('8134775129280001', 10, 'Lois S. Landry', '4', 'Perempuan', 'Sembuh', '2023-07-20', '2023'),
('8134839161580001', 26, 'Hammett P. Fuentes', '7', 'Laki-laki', 'Aktif', '2022-07-15', '2022'),
('8134874295380001', 4, 'Valentine A. Foley', '2', 'Laki-laki', 'Gejala', '2023-06-20', '2023'),
('8135238595660001', 47, 'Kylee J. Bruce', '0', 'Perempuan', 'Aktif', '2023-06-23', '2023'),
('8135322773250001', 32, 'Brenden L. Chase', '5', 'Perempuan', 'Aktif', '2023-08-24', '2023'),
('8135411961480001', 23, 'Tyrone H. Roberson', '9', 'Perempuan', 'Sembuh', '2023-07-31', '2023'),
('8135511759250001', 37, 'Cedric X. Mullen', '4', 'Perempuan', 'Aktif', '2023-09-19', '2023'),
('8135578499260001', 21, 'Guy M. Jackson', '9', 'Laki-laki', 'Gejala', '2022-06-23', '2022'),
('8135626475390001', 3, 'Jemima Z. Kelley', '3', 'Laki-laki', 'Gejala', '2023-09-26', '2023'),
('8135647855270001', 38, 'Astra P. Keller', '7', 'Laki-laki', 'Aktif', '2023-06-21', '2023'),
('8135688447560001', 27, 'Ryder R. Bray', '6', 'Perempuan', 'Sembuh', '2022-06-26', '2022'),
('8135724561880001', 42, 'Hope G. Maddox', '8', 'Perempuan', 'Gejala', '2022-09-28', '2022'),
('8135944723990001', 16, 'Colleen J. Tillman', '2', 'Laki-laki', 'Aktif', '2023-06-06', '2023'),
('8136211424510001', 38, 'Kaitlin O. Weeks', '2', 'Perempuan', 'Sembuh', '2023-06-12', '2023'),
('8136229547780001', 13, 'Camille K. Barber', '9', 'Laki-laki', 'Sembuh', '2023-07-14', '2023'),
('8136408625820001', 48, 'Isaac H. Noble', '7', 'Perempuan', 'Sembuh', '2023-09-23', '2023'),
('8136553643750001', 12, 'Marshall V. Cole', '7', 'Perempuan', 'Sembuh', '2022-07-01', '2022'),
('8136616723250001', 8, 'Sydnee S. Ayala', '7', 'Perempuan', 'Sembuh', '2022-06-26', '2022'),
('8136666646670001', 4, 'Drake S. Mills', '9', 'Perempuan', 'Aktif', '2023-07-16', '2023'),
('8136752926120001', 6, 'Alfonso X. Bond', '1', 'Laki-laki', 'Aktif', '2023-06-13', '2023'),
('8136769567500001', 18, 'Briar N. Frye', '4', 'Perempuan', 'Sembuh', '2022-09-11', '2022'),
('8136786707620001', 43, 'Xenos K. Lara', '7', 'Laki-laki', 'Gejala', '2023-09-04', '2023'),
('8137022316650001', 5, 'Florence J. Love', '10', 'Perempuan', 'Gejala', '2023-07-05', '2023'),
('8137024137910001', 21, 'Devin I. Jacobson', '7', 'Laki-laki', 'Gejala', '2023-06-29', '2023'),
('8137213664810001', 39, 'Quail N. Knight', '7', 'Laki-laki', 'Gejala', '2022-06-06', '2022'),
('8137214699160001', 19, 'Ralph H. Gentry', '10', 'Perempuan', 'Sembuh', '2023-07-08', '2023'),
('8137287877260001', 28, 'Abra R. Miller', '4', 'Laki-laki', 'Gejala', '2023-09-17', '2023'),
('8137307500300001', 42, 'Beau G. Landry', '5', 'Laki-laki', 'Sembuh', '2022-09-11', '2022'),
('8137368886160001', 20, 'Derek X. Sosa', '2', 'Perempuan', 'Sembuh', '2023-07-15', '2023'),
('8137408770240001', 15, 'Jerry V. Griffin', '2', 'Laki-laki', 'Aktif', '2023-07-03', '2023'),
('8137438241310001', 35, 'Tashya G. Glenn', '10', 'Perempuan', 'Sembuh', '2023-08-19', '2023'),
('8137542419180001', 26, 'Sigourney O. Clemons', '9', 'Laki-laki', 'Gejala', '2023-09-18', '2023'),
('8137566263380001', 26, 'Kato V. Page', '0', 'Perempuan', 'Sembuh', '2023-07-29', '2023'),
('8137596983730001', 14, 'Kane J. Wong', '8', 'Perempuan', 'Aktif', '2023-07-02', '2023'),
('8137615215780001', 13, 'Declan D. Bell', '1', 'Perempuan', 'Sembuh', '2023-07-29', '2023'),
('8137650538870001', 19, 'Sydnee W. Patrick', '6', 'Laki-laki', 'Aktif', '2023-07-27', '2023'),
('8137712113240001', 49, 'Arthur N. Calhoun', '7', 'Perempuan', 'Gejala', '2023-09-18', '2023'),
('8137743966640001', 49, 'Xaviera G. Byrd', '2', 'Laki-laki', 'Aktif', '2022-09-29', '2022'),
('8137748463430001', 45, 'Zenaida L. Yates', '3', 'Laki-laki', 'Sembuh', '2023-09-07', '2023'),
('8137815052550001', 7, 'Blaze I. Warren', '6', 'Laki-laki', 'Aktif', '2023-07-08', '2023'),
('8137833138190001', 36, 'Vladimir B. Fisher', '2', 'Perempuan', 'Gejala', '2023-09-17', '2023'),
('8137905590680001', 30, 'Mechelle H. Bauer', '6', 'Laki-laki', 'Sembuh', '2022-09-19', '2022'),
('8138158807640001', 43, 'Cadman T. Pitts', '2', 'Laki-laki', 'Aktif', '2022-09-30', '2022'),
('8138172837730001', 3, 'Owen W. Rojas', '2', 'Laki-laki', 'Sembuh', '2022-08-03', '2022'),
('8138212371000001', 18, 'Constance W. Guerrero', '6', 'Laki-laki', 'Aktif', '2022-06-23', '2022'),
('8138558530050001', 36, 'Wilma G. Gilmore', '7', 'Perempuan', 'Gejala', '2023-09-10', '2023'),
('8138592177510001', 19, 'Eve C. Stein', '1', 'Laki-laki', 'Aktif', '2023-09-05', '2023'),
('8138613262650001', 32, 'Thomas W. Gilbert', '1', 'Laki-laki', 'Gejala', '2022-09-17', '2022'),
('8138656255170001', 10, 'Maia M. Morales', '7', 'Perempuan', 'Sembuh', '2023-09-12', '2023'),
('8138857118820001', 7, 'Norman H. Francis', '2', 'Laki-laki', 'Gejala', '2023-08-01', '2023'),
('8138861806670001', 3, 'Rina E. Hebert', '2', 'Perempuan', 'Gejala', '2023-08-13', '2023'),
('8138885788810001', 39, 'Ariel G. Armstrong', '4', 'Perempuan', 'Aktif', '2022-07-04', '2022'),
('8139085317450001', 46, 'Skyler T. Spears', '7', 'Laki-laki', 'Gejala', '2023-06-24', '2023'),
('8139120163150001', 45, 'Margaret L. Bowers', '0', 'Perempuan', 'Aktif', '2022-07-23', '2022'),
('8139370824190001', 36, 'Paul G. Short', '6', 'Perempuan', 'Gejala', '2022-07-24', '2022'),
('8139453248750001', 19, 'Abraham Q. Mcfarland', '9', 'Laki-laki', 'Aktif', '2023-08-13', '2023'),
('8139642617500001', 4, 'Dalton X. Garcia', '7', 'Perempuan', 'Sembuh', '2023-09-27', '2023'),
('8139776722830001', 27, 'Raven D. Palmer', '6', 'Perempuan', 'Gejala', '2023-07-11', '2023'),
('8139814292820001', 15, 'Galvin C. Fry', '8', 'Perempuan', 'Sembuh', '2022-09-14', '2022'),
('8140145853320001', 34, 'Adena Y. Bean', '9', 'Laki-laki', 'Sembuh', '2023-07-22', '2023'),
('8140279837370001', 15, 'Buckminster J. Tucker', '7', 'Laki-laki', 'Sembuh', '2022-06-09', '2022'),
('8140422263840001', 6, 'Evelyn K. Shannon', '4', 'Perempuan', 'Sembuh', '2022-07-07', '2022'),
('8140476083050001', 36, 'Cody E. Mack', '2', 'Laki-laki', 'Sembuh', '2023-07-05', '2023'),
('8140562719810001', 36, 'Ryan X. Golden', '6', 'Perempuan', 'Gejala', '2023-07-13', '2023'),
('8140972536790001', 47, 'Guy W. Valdez', '6', 'Perempuan', 'Gejala', '2022-09-15', '2022'),
('8141062266840001', 12, 'Rose S. Soto', '8', 'Perempuan', 'Aktif', '2022-06-17', '2022'),
('8141123466430001', 21, 'Kay H. Mckinney', '1', 'Perempuan', 'Gejala', '2023-08-29', '2023'),
('8141150535920001', 11, 'Harriet P. Sandoval', '0', 'Laki-laki', 'Gejala', '2023-06-06', '2023'),
('8141154647220001', 29, 'Ezra E. Cannon', '8', 'Perempuan', 'Aktif', '2023-07-14', '2023'),
('8141236432180001', 39, 'MacKensie X. Conway', '9', 'Laki-laki', 'Gejala', '2023-09-10', '2023'),
('8141333855600001', 39, 'Jorden X. Browning', '1', 'Perempuan', 'Gejala', '2023-08-30', '2023'),
('8141459846540001', 6, 'Moana X. Weeks', '9', 'Perempuan', 'Aktif', '2022-09-14', '2022'),
('8141563515510001', 5, 'Georgia N. Valencia', '10', 'Perempuan', 'Aktif', '2022-08-19', '2022'),
('8141745139920001', 29, 'Omar K. Williamson', '9', 'Perempuan', 'Sembuh', '2023-09-04', '2023'),
('8141756783140001', 41, 'Marah V. Harding', '4', 'Laki-laki', 'Gejala', '2023-08-03', '2023'),
('8141792938340001', 19, 'Deirdre X. Cabrera', '7', 'Perempuan', 'Gejala', '2023-09-13', '2023'),
('8141961111620001', 49, 'Nomlanga I. Boone', '2', 'Perempuan', 'Sembuh', '2023-07-28', '2023'),
('8142188491120001', 24, 'Stuart R. Andrews', '6', 'Laki-laki', 'Gejala', '2022-09-26', '2022'),
('8142352562930001', 12, 'Abel T. Ortiz', '2', 'Perempuan', 'Gejala', '2022-07-21', '2022'),
('8142436483220001', 12, 'Fletcher R. Mercado', '1', 'Laki-laki', 'Gejala', '2023-06-16', '2023'),
('8142448740360001', 26, 'Lesley R. Daniel', '3', 'Perempuan', 'Sembuh', '2023-06-13', '2023'),
('8142541787920001', 16, 'Jameson P. Guerrero', '10', 'Perempuan', 'Sembuh', '2022-07-26', '2022'),
('8142544135580001', 36, 'Timon L. Frost', '1', 'Laki-laki', 'Aktif', '2022-09-12', '2022'),
('8142552144380001', 38, 'Slade T. Huber', '6', 'Laki-laki', 'Gejala', '2023-06-08', '2023'),
('8142647813150001', 24, 'Aimee T. Cameron', '8', 'Laki-laki', 'Aktif', '2023-08-02', '2023'),
('8142720148160001', 30, 'Carla O. Olsen', '3', 'Perempuan', 'Sembuh', '2023-09-21', '2023'),
('8142772785390001', 37, 'Candace I. Warner', '8', 'Perempuan', 'Aktif', '2022-09-18', '2022'),
('8142795522760001', 35, 'Hayes J. Chandler', '8', 'Perempuan', 'Aktif', '2023-08-10', '2023'),
('8143111274890001', 42, 'Guinevere X. Stuart', '9', 'Laki-laki', 'Gejala', '2023-08-23', '2023'),
('8143237406860001', 31, 'Martha U. Avery', '4', 'Laki-laki', 'Aktif', '2022-07-28', '2022'),
('8143336324220001', 17, 'Olympia T. Downs', '5', 'Laki-laki', 'Aktif', '2022-08-08', '2022'),
('8143456691210001', 2, 'Wang E. Hensley', '4', 'Laki-laki', 'Gejala', '2023-08-16', '2023'),
('8143614282700001', 41, 'Isabella V. Ware', '1', 'Perempuan', 'Aktif', '2023-09-16', '2023'),
('8143666117680001', 27, 'Montana Z. Christensen', '1', 'Perempuan', 'Aktif', '2023-09-12', '2023'),
('8143742423530001', 34, 'Martin J. Wilcox', '9', 'Perempuan', 'Sembuh', '2023-07-22', '2023'),
('8143753175870001', 27, 'Holly A. Watts', '7', 'Laki-laki', 'Sembuh', '2022-08-12', '2022'),
('8143768523550001', 44, 'Alma C. Nicholson', '5', 'Laki-laki', 'Aktif', '2023-06-23', '2023'),
('8143789795510001', 32, 'Nero R. Hamilton', '1', 'Laki-laki', 'Aktif', '2022-07-13', '2022'),
('8143829670520001', 29, 'Wanda O. Gardner', '5', 'Perempuan', 'Gejala', '2023-08-15', '2023'),
('8143852443710001', 19, 'Isabella J. Dodson', '6', 'Perempuan', 'Sembuh', '2023-07-24', '2023'),
('8143886799580001', 5, 'Clinton V. Odom', '4', 'Laki-laki', 'Aktif', '2023-06-23', '2023'),
('8144136288080001', 31, 'Marshall A. Hughes', '1', 'Laki-laki', 'Gejala', '2022-08-31', '2022'),
('8144252575640001', 48, 'Dora X. Heath', '6', 'Perempuan', 'Aktif', '2023-09-02', '2023'),
('8144252986890001', 1, 'Dolan Q. Gomez', '3', 'Laki-laki', 'Sembuh', '2023-09-20', '2023'),
('8144276023570001', 21, 'Barry N. Nash', '6', 'Laki-laki', 'Aktif', '2022-09-04', '2022'),
('8144283229640001', 22, 'Hillary C. Delacruz', '8', 'Perempuan', 'Sembuh', '2023-06-06', '2023'),
('8144379239680001', 37, 'Vielka K. Benton', '0', 'Perempuan', 'Aktif', '2022-07-16', '2022'),
('8144680388770001', 25, 'Mariam S. Olson', '6', 'Laki-laki', 'Sembuh', '2023-08-23', '2023'),
('8144685016310001', 21, 'Leonard A. Estrada', '9', 'Perempuan', 'Aktif', '2023-08-27', '2023'),
('8144688183570001', 9, 'Anastasia J. Fitzgerald', '8', 'Laki-laki', 'Aktif', '2022-06-07', '2022'),
('8144732656110001', 24, 'Octavia L. Ratliff', '4', 'Laki-laki', 'Aktif', '2022-06-23', '2022'),
('8144860335770001', 43, 'Wing Y. Pickett', '0', 'Perempuan', 'Sembuh', '2022-07-16', '2022'),
('8145112683650001', 28, 'Brady L. Fitzgerald', '1', 'Laki-laki', 'Gejala', '2023-06-01', '2023'),
('8145143560950001', 9, 'Winifred L. Mcconnell', '9', 'Perempuan', 'Gejala', '2022-08-15', '2022'),
('8145274934630001', 5, 'Gisela A. Hyde', '6', 'Perempuan', 'Sembuh', '2023-06-11', '2023'),
('8145288477820001', 45, 'Noble M. Burris', '2', 'Laki-laki', 'Aktif', '2023-08-21', '2023'),
('8145318715430001', 19, 'Sawyer Y. Delaney', '8', 'Perempuan', 'Sembuh', '2022-07-18', '2022'),
('8145336318710001', 43, 'Signe R. Abbott', '6', 'Laki-laki', 'Sembuh', '2023-07-28', '2023'),
('8145478542400001', 29, 'Abel I. Mccall', '7', 'Perempuan', 'Sembuh', '2022-08-15', '2022'),
('8145482024180001', 27, 'Unity D. Hood', '6', 'Laki-laki', 'Gejala', '2022-08-31', '2022'),
('8145514558220001', 30, 'Kyle C. Marshall', '5', 'Laki-laki', 'Gejala', '2023-06-21', '2023'),
('8145524736660001', 47, 'Megan Y. Roberts', '2', 'Perempuan', 'Aktif', '2022-06-14', '2022'),
('8145541255220001', 33, 'Tiger K. Griffith', '2', 'Perempuan', 'Gejala', '2023-08-12', '2023'),
('8145564603440001', 21, 'Elizabeth N. Ayers', '8', 'Laki-laki', 'Gejala', '2022-06-05', '2022'),
('8145583965180001', 27, 'Jael B. Pearson', '6', 'Perempuan', 'Sembuh', '2023-06-21', '2023'),
('8145733544780001', 10, 'Ariana X. William', '6', 'Laki-laki', 'Gejala', '2023-07-17', '2023'),
('8145861151180001', 26, 'Audrey I. Howell', '0', 'Perempuan', 'Aktif', '2023-07-24', '2023'),
('8145906677750001', 43, 'Jorden N. Rios', '1', 'Laki-laki', 'Aktif', '2022-09-11', '2022'),
('8146177244030001', 47, 'Risa T. Hart', '6', 'Laki-laki', 'Sembuh', '2023-07-10', '2023'),
('8146185879970001', 12, 'Quinlan Q. House', '5', 'Perempuan', 'Gejala', '2022-09-13', '2022'),
('8146313661810001', 30, 'Imani H. Brady', '4', 'Laki-laki', 'Aktif', '2023-08-28', '2023'),
('8146461574150001', 43, 'Arthur H. Mayo', '3', 'Perempuan', 'Aktif', '2022-06-27', '2022'),
('8146484174330001', 30, 'Ebony I. Vance', '3', 'Laki-laki', 'Aktif', '2023-07-06', '2023'),
('8146512814400001', 30, 'Patrick W. Kirkland', '6', 'Laki-laki', 'Aktif', '2022-07-28', '2022'),
('8146704846860001', 12, 'Brock W. Underwood', '1', 'Laki-laki', 'Sembuh', '2023-07-25', '2023'),
('8146876225460001', 10, 'Micah R. Osborn', '0', 'Perempuan', 'Aktif', '2022-09-07', '2022'),
('8147016667350001', 46, 'Melissa N. Estes', '2', 'Laki-laki', 'Gejala', '2022-08-24', '2022'),
('8147036226590001', 46, 'Eleanor Z. Marshall', '1', 'Laki-laki', 'Aktif', '2023-08-04', '2023'),
('8147044638110001', 14, 'Hilel R. Mcneil', '1', 'Perempuan', 'Gejala', '2023-08-20', '2023'),
('8147107653430001', 43, 'Athena H. Willis', '7', 'Laki-laki', 'Gejala', '2023-07-25', '2023'),
('8147153286620001', 50, 'Keith D. Shaffer', '5', 'Laki-laki', 'Aktif', '2022-07-12', '2022'),
('8147235618910001', 8, 'Kyle P. Aguirre', '2', 'Perempuan', 'Gejala', '2023-06-18', '2023'),
('8147243927750001', 1, 'Maxine J. Bradshaw', '8', 'Laki-laki', 'Gejala', '2023-07-01', '2023'),
('8147374773350001', 2, 'Charissa R. Leon', '3', 'Laki-laki', 'Sembuh', '2023-08-23', '2023'),
('8147381275730001', 43, 'Aurora R. Diaz', '0', 'Laki-laki', 'Aktif', '2023-07-21', '2023'),
('8147401445240001', 14, 'Alexa M. Mckay', '2', 'Perempuan', 'Gejala', '2022-06-03', '2022'),
('8147446864810001', 8, 'Geraldine K. Nash', '2', 'Laki-laki', 'Aktif', '2023-07-26', '2023'),
('8147450509830001', 21, 'Macaulay L. Casey', '3', 'Laki-laki', 'Aktif', '2023-07-18', '2023'),
('8147466381280001', 13, 'Yuli U. Greene', '7', 'Perempuan', 'Aktif', '2023-06-23', '2023'),
('8147594546870001', 31, 'Nathan J. Weber', '1', 'Perempuan', 'Sembuh', '2023-07-05', '2023'),
('8147665749710001', 3, 'Emery V. Craig', '2', 'Laki-laki', 'Sembuh', '2023-07-28', '2023'),
('8147677557440001', 25, 'Lillian M. Henson', '2', 'Laki-laki', 'Aktif', '2023-06-24', '2023'),
('8147864785730001', 25, 'Cade Q. Jordan', '5', 'Laki-laki', 'Gejala', '2023-06-25', '2023'),
('8147873567810001', 50, 'Amy D. Montoya', '5', 'Laki-laki', 'Gejala', '2022-08-11', '2022'),
('8147878317560001', 36, 'Aphrodite C. Parks', '7', 'Perempuan', 'Aktif', '2022-06-27', '2022'),
('8147910533250001', 20, 'Jillian P. Hardy', '10', 'Laki-laki', 'Sembuh', '2022-09-21', '2022'),
('8148050683750001', 14, 'Richard N. Richards', '3', 'Laki-laki', 'Gejala', '2023-08-19', '2023'),
('8148153734600001', 27, 'Neil P. Barlow', '2', 'Perempuan', 'Aktif', '2023-08-01', '2023'),
('8148257733540001', 14, 'Vielka S. Ware', '7', 'Perempuan', 'Aktif', '2023-09-30', '2023'),
('8148368735810001', 8, 'Alden X. Emerson', '7', 'Perempuan', 'Gejala', '2023-09-07', '2023'),
('8148386175310001', 20, 'Chase V. Middleton', '8', 'Perempuan', 'Aktif', '2023-07-14', '2023'),
('8148517618760001', 7, 'Uriah W. Nicholson', '8', 'Perempuan', 'Aktif', '2023-07-03', '2023'),
('8148528857720001', 38, 'Benedict B. Booth', '9', 'Perempuan', 'Sembuh', '2023-06-08', '2023'),
('8148552356540001', 23, 'Alvin N. Dickerson', '7', 'Perempuan', 'Sembuh', '2023-07-24', '2023'),
('8148624111120001', 23, 'Aphrodite U. Rodriguez', '10', 'Perempuan', 'Aktif', '2022-09-01', '2022'),
('8148849014310001', 41, 'Honorato T. Anderson', '8', 'Perempuan', 'Aktif', '2023-07-27', '2023'),
('8149596343620001', 28, 'Dana X. May', '8', 'Laki-laki', 'Gejala', '2022-09-30', '2022'),
('8149702325380001', 23, 'Hasad Y. Solomon', '2', 'Perempuan', 'Gejala', '2022-09-25', '2022'),
('8149741939220001', 20, 'Regan G. Love', '6', 'Perempuan', 'Gejala', '2023-06-30', '2023'),
('8149818574540001', 38, 'Moana W. Green', '3', 'Perempuan', 'Aktif', '2023-09-26', '2023'),
('8149854775080001', 48, 'Charlotte K. Craft', '6', 'Laki-laki', 'Gejala', '2022-09-04', '2022'),
('8150276500330001', 47, 'Geoffrey M. Meadows', '2', 'Perempuan', 'Aktif', '2023-08-15', '2023'),
('8150309747130001', 39, 'Rajah K. Monroe', '0', 'Perempuan', 'Gejala', '2023-08-20', '2023'),
('8150622115380001', 8, 'Steel L. Thompson', '1', 'Laki-laki', 'Aktif', '2023-09-11', '2023'),
('8150678146740001', 19, 'Wanda I. Bradshaw', '5', 'Laki-laki', 'Aktif', '2023-07-14', '2023'),
('8150681452160001', 21, 'Keane O. Wolf', '6', 'Perempuan', 'Aktif', '2022-06-17', '2022'),
('8150783156010001', 26, 'Griffith F. Navarro', '4', 'Laki-laki', 'Sembuh', '2023-07-28', '2023'),
('8150871738410001', 5, 'Bradley Y. Franks', '0', 'Perempuan', 'Sembuh', '2022-09-05', '2022'),
('8151145620040001', 44, 'Giselle S. Guerra', '1', 'Perempuan', 'Sembuh', '2023-09-18', '2023'),
('8151150698170001', 34, 'Damian D. Trevino', '5', 'Perempuan', 'Gejala', '2023-06-24', '2023'),
('8151163520820001', 28, 'Jescie Y. Kramer', '0', 'Perempuan', 'Aktif', '2022-07-31', '2022'),
('8151246881120001', 31, 'Anthony F. Stout', '0', 'Laki-laki', 'Aktif', '2022-09-22', '2022'),
('8151291211180001', 46, 'Owen S. Velez', '7', 'Laki-laki', 'Sembuh', '2023-07-12', '2023'),
('8151415648410001', 15, 'Gannon C. Brady', '2', 'Laki-laki', 'Gejala', '2022-09-03', '2022'),
('8151448050380001', 44, 'Chase U. Mosley', '2', 'Laki-laki', 'Gejala', '2023-09-16', '2023'),
('8151505483580001', 26, 'Joan T. Hodge', '6', 'Perempuan', 'Aktif', '2022-08-02', '2022'),
('8151548787630001', 25, 'Xyla F. Leonard', '8', 'Perempuan', 'Sembuh', '2022-06-22', '2022'),
('8151588623760001', 30, 'Simone O. Arnold', '10', 'Perempuan', 'Sembuh', '2022-06-15', '2022'),
('8151819641660001', 14, 'Carolyn L. Camacho', '9', 'Laki-laki', 'Sembuh', '2023-08-21', '2023'),
('8151888595350001', 27, 'Jaquelyn M. Randolph', '10', 'Laki-laki', 'Gejala', '2022-09-22', '2022'),
('8152028901680001', 26, 'Zephr V. Cote', '1', 'Perempuan', 'Sembuh', '2022-06-27', '2022'),
('8152164460880001', 45, 'Stewart I. Norton', '1', 'Laki-laki', 'Aktif', '2023-06-02', '2023'),
('8152166752770001', 27, 'Garrett B. Reid', '3', 'Perempuan', 'Gejala', '2022-07-10', '2022'),
('8152208938960001', 37, 'Camille I. Petersen', '10', 'Laki-laki', 'Aktif', '2022-09-19', '2022'),
('8152291769590001', 11, 'Judith Q. Atkinson', '6', 'Perempuan', 'Gejala', '2022-08-01', '2022'),
('8152314468570001', 17, 'Tana I. Sharp', '6', 'Laki-laki', 'Aktif', '2022-09-26', '2022'),
('8152406167810001', 37, 'Desirae Q. Whitfield', '3', 'Laki-laki', 'Gejala', '2022-09-06', '2022'),
('8152658274330001', 47, 'Odessa C. Noble', '1', 'Laki-laki', 'Sembuh', '2023-08-10', '2023'),
('8152721557170001', 32, 'Aphrodite O. Morrow', '8', 'Laki-laki', 'Sembuh', '2023-06-19', '2023'),
('8152793783120001', 12, 'Lester Z. Britt', '5', 'Perempuan', 'Aktif', '2022-06-08', '2022'),
('8152926237370001', 37, 'Daphne R. Stewart', '4', 'Laki-laki', 'Gejala', '2022-09-27', '2022');
INSERT INTO `dt_stunting` (`nik`, `id_desa`, `nama`, `umur`, `l/p`, `status`, `tgl`, `thn`) VALUES
('8152982453420001', 15, 'Hayley K. Zimmerman', '7', 'Perempuan', 'Aktif', '2022-06-30', '2022'),
('8153166642710001', 8, 'Martha F. Brewer', '8', 'Perempuan', 'Sembuh', '2023-07-30', '2023'),
('8153196182180001', 11, 'Ivan K. Randall', '1', 'Perempuan', 'Gejala', '2022-09-06', '2022'),
('8153271285140001', 49, 'Nehru S. Wheeler', '7', 'Perempuan', 'Aktif', '2023-09-14', '2023'),
('8153379114660001', 1, 'Peter Y. Franks', '8', 'Laki-laki', 'Sembuh', '2022-07-24', '2022'),
('8153386321340001', 7, 'Leigh T. Pitts', '3', 'Laki-laki', 'Sembuh', '2023-07-08', '2023'),
('8153415235300001', 42, 'Evan N. Reyes', '1', 'Laki-laki', 'Sembuh', '2022-09-19', '2022'),
('8153526192620001', 48, 'Zena X. English', '7', 'Perempuan', 'Sembuh', '2022-09-28', '2022'),
('8153551961890001', 9, 'Germaine U. Mack', '0', 'Perempuan', 'Gejala', '2023-06-08', '2023'),
('8153657696170001', 4, 'Eugenia F. Hanson', '9', 'Perempuan', 'Sembuh', '2022-06-28', '2022'),
('8153663193930001', 36, 'Adria W. Short', '9', 'Laki-laki', 'Sembuh', '2023-09-17', '2023'),
('8153691602450001', 41, 'Upton Q. Merrill', '8', 'Perempuan', 'Gejala', '2022-08-01', '2022'),
('8153710464870001', 5, 'Gay D. Vang', '6', 'Perempuan', 'Sembuh', '2022-08-09', '2022'),
('8153723613120001', 9, 'Uta E. Deleon', '1', 'Perempuan', 'Sembuh', '2023-07-24', '2023'),
('8153751613850001', 20, 'Price E. Morgan', '1', 'Laki-laki', 'Aktif', '2023-07-04', '2023'),
('8153861644830001', 25, 'Merritt B. Keller', '1', 'Laki-laki', 'Aktif', '2022-06-15', '2022'),
('8154093823270001', 20, 'Donovan K. Burris', '9', 'Perempuan', 'Gejala', '2022-09-04', '2022'),
('8154181975270001', 21, 'Macaulay B. Harrell', '9', 'Laki-laki', 'Gejala', '2023-06-07', '2023'),
('8154253858190001', 8, 'Demetria P. Nieves', '3', 'Laki-laki', 'Gejala', '2023-08-31', '2023'),
('8154326814690001', 24, 'Britanney B. Robles', '4', 'Laki-laki', 'Gejala', '2023-08-09', '2023'),
('8154348843370001', 19, 'Erich A. Schwartz', '7', 'Perempuan', 'Gejala', '2023-06-28', '2023'),
('8154401645030001', 21, 'Cameran J. Kramer', '8', 'Perempuan', 'Aktif', '2023-08-17', '2023'),
('8154435393880001', 24, 'Zena S. Butler', '1', 'Laki-laki', 'Aktif', '2023-09-15', '2023'),
('8154514302550001', 11, 'Donovan U. Tate', '3', 'Laki-laki', 'Sembuh', '2023-09-22', '2023'),
('8154779340410001', 39, 'Ira J. Carrillo', '8', 'Perempuan', 'Gejala', '2023-06-22', '2023'),
('8154917414870001', 39, 'Gray Y. Cervantes', '5', 'Laki-laki', 'Gejala', '2022-08-06', '2022'),
('8154939450830001', 20, 'Indigo E. Huber', '10', 'Perempuan', 'Gejala', '2022-09-15', '2022'),
('8155032713260001', 23, 'Ivana K. Boyle', '1', 'Laki-laki', 'Aktif', '2022-07-30', '2022'),
('8155137668780001', 29, 'Boris T. Bridges', '9', 'Laki-laki', 'Sembuh', '2023-07-24', '2023'),
('8155184180220001', 34, 'Wade M. Sykes', '6', 'Perempuan', 'Aktif', '2022-07-18', '2022'),
('8155244321010001', 42, 'Aileen U. Holland', '7', 'Perempuan', 'Sembuh', '2022-08-15', '2022'),
('8155333031780001', 42, 'Declan Q. Kelly', '6', 'Perempuan', 'Sembuh', '2023-07-01', '2023'),
('8155338170070001', 20, 'Eugenia G. Riggs', '5', 'Perempuan', 'Gejala', '2023-06-21', '2023'),
('8155371296200001', 8, 'Dawn G. Webb', '9', 'Perempuan', 'Aktif', '2022-08-03', '2022'),
('8155462035660001', 49, 'Yoko K. Nichols', '1', 'Perempuan', 'Aktif', '2022-09-21', '2022'),
('8155537825420001', 2, 'Urielle W. Moss', '1', 'Laki-laki', 'Aktif', '2023-09-15', '2023'),
('8155634803280001', 39, 'Brent Y. Dean', '6', 'Laki-laki', 'Sembuh', '2023-07-20', '2023'),
('8155660973620001', 27, 'Hanae O. Warner', '1', 'Perempuan', 'Sembuh', '2022-07-20', '2022'),
('8155742517630001', 22, 'Naomi I. Tanner', '0', 'Perempuan', 'Gejala', '2023-06-09', '2023'),
('8155814647840001', 9, 'Xander X. Cunningham', '1', 'Laki-laki', 'Gejala', '2023-09-05', '2023'),
('8155863738920001', 17, 'Vanna Y. Rosales', '8', 'Laki-laki', 'Aktif', '2023-06-04', '2023'),
('8155872675420001', 13, 'Branden Q. Holden', '7', 'Perempuan', 'Gejala', '2023-06-21', '2023'),
('8156269454440001', 9, 'Yasir Z. Lane', '9', 'Perempuan', 'Aktif', '2022-09-15', '2022'),
('8156292865120001', 38, 'Oliver B. Wallace', '4', 'Perempuan', 'Gejala', '2022-08-22', '2022'),
('8156508910010001', 12, 'Darryl M. Mitchell', '0', 'Perempuan', 'Aktif', '2023-06-15', '2023'),
('8156531135660001', 26, 'Yuri Z. Merritt', '2', 'Laki-laki', 'Aktif', '2023-07-31', '2023'),
('8156548358160001', 35, 'Louis W. Foley', '10', 'Perempuan', 'Gejala', '2023-09-11', '2023'),
('8156606111200001', 11, 'Uriah D. Stafford', '4', 'Laki-laki', 'Aktif', '2023-08-23', '2023'),
('8156627214340001', 13, 'Echo M. Roth', '4', 'Laki-laki', 'Aktif', '2023-09-06', '2023'),
('8156649535140001', 13, 'Dante P. Jarvis', '7', 'Perempuan', 'Gejala', '2023-07-22', '2023'),
('8156712468040001', 32, 'Noel H. Chavez', '4', 'Perempuan', 'Gejala', '2023-06-12', '2023'),
('8156841381900001', 19, 'Uma C. Holcomb', '6', 'Perempuan', 'Gejala', '2022-07-25', '2022'),
('8157137825120001', 39, 'Fallon K. Lindsey', '6', 'Perempuan', 'Sembuh', '2023-08-01', '2023'),
('8157138544670001', 35, 'Armando L. Emerson', '8', 'Laki-laki', 'Aktif', '2023-09-18', '2023'),
('8157181421400001', 5, 'Clark I. Norman', '4', 'Laki-laki', 'Gejala', '2022-08-05', '2022'),
('8157225216910001', 18, 'Alan W. Nieves', '8', 'Perempuan', 'Aktif', '2023-07-23', '2023'),
('8157270125780001', 38, 'Bradley K. Washington', '6', 'Laki-laki', 'Gejala', '2023-08-11', '2023'),
('8157453739250001', 15, 'Malik I. Tillman', '1', 'Perempuan', 'Aktif', '2022-07-08', '2022'),
('8157548724340001', 2, 'Jordan P. Morgan', '2', 'Perempuan', 'Aktif', '2023-06-16', '2023'),
('8157640234560001', 46, 'Lydia B. Mullins', '2', 'Laki-laki', 'Sembuh', '2023-09-22', '2023'),
('8157654695350001', 15, 'Jacqueline U. Peters', '4', 'Perempuan', 'Aktif', '2023-09-13', '2023'),
('8157681505110001', 25, 'Micah T. Gibbs', '1', 'Perempuan', 'Gejala', '2023-06-16', '2023'),
('8157724661480001', 23, 'Madeline K. Shepherd', '2', 'Perempuan', 'Sembuh', '2023-06-21', '2023'),
('8157766418970001', 49, 'Vivian Q. Lott', '5', 'Perempuan', 'Aktif', '2023-08-28', '2023'),
('8157767112850001', 45, 'Cyrus S. Olsen', '8', 'Laki-laki', 'Sembuh', '2022-07-29', '2022'),
('8157911614270001', 21, 'Shoshana D. Washington', '6', 'Laki-laki', 'Gejala', '2022-08-31', '2022'),
('8157934167460001', 31, 'Ivan X. Boyle', '8', 'Perempuan', 'Sembuh', '2022-07-23', '2022'),
('8157946077100001', 42, 'Odette D. Mcguire', '4', 'Laki-laki', 'Sembuh', '2023-06-23', '2023'),
('8158072452320001', 34, 'Sybil Z. Simpson', '7', 'Laki-laki', 'Gejala', '2023-06-10', '2023'),
('8158128263160001', 9, 'Sandra G. Noel', '6', 'Perempuan', 'Sembuh', '2023-07-25', '2023'),
('8158134155570001', 45, 'Lawrence R. Beasley', '1', 'Laki-laki', 'Sembuh', '2022-07-04', '2022'),
('8158229669340001', 38, 'Tamara E. Powell', '7', 'Perempuan', 'Sembuh', '2023-07-07', '2023'),
('8158231728880001', 13, 'Cynthia F. Hayes', '6', 'Perempuan', 'Gejala', '2022-07-11', '2022'),
('8158231776610001', 14, 'Shelley E. Johnson', '6', 'Laki-laki', 'Gejala', '2022-06-18', '2022'),
('8158353702370001', 38, 'Amal T. Cleveland', '0', 'Laki-laki', 'Gejala', '2022-06-22', '2022'),
('8158598779350001', 15, 'Macy X. Bradshaw', '8', 'Perempuan', 'Gejala', '2023-06-10', '2023'),
('8158602435540001', 13, 'Illana P. Black', '7', 'Laki-laki', 'Aktif', '2022-07-11', '2022'),
('8158669437060001', 24, 'Laura S. Gamble', '6', 'Laki-laki', 'Aktif', '2022-08-03', '2022'),
('8158997983900001', 16, 'Jayme V. Stuart', '1', 'Perempuan', 'Gejala', '2023-08-23', '2023'),
('8159156463170001', 15, 'Nigel X. Clay', '9', 'Laki-laki', 'Aktif', '2023-08-03', '2023'),
('8159420331600001', 4, 'Aimee U. Barnett', '2', 'Perempuan', 'Gejala', '2022-07-03', '2022'),
('8159471315810001', 30, 'Naida X. Sweeney', '1', 'Laki-laki', 'Gejala', '2023-09-24', '2023'),
('8159682473310001', 6, 'Theodore T. Trevino', '9', 'Perempuan', 'Sembuh', '2022-07-28', '2022'),
('8159943198650001', 35, 'Ralph O. Roth', '3', 'Laki-laki', 'Sembuh', '2022-07-24', '2022'),
('8160226754110001', 5, 'Valentine M. Long', '3', 'Perempuan', 'Gejala', '2023-09-23', '2023'),
('8160384510730001', 5, 'Lyle O. Morse', '2', 'Perempuan', 'Sembuh', '2023-09-05', '2023'),
('8160444865240001', 42, 'Walker K. Mercado', '2', 'Perempuan', 'Sembuh', '2022-09-15', '2022'),
('8160483033580001', 2, 'Tasha B. Rhodes', '4', 'Perempuan', 'Gejala', '2023-06-09', '2023'),
('8160509415120001', 38, 'Kellie B. Booth', '9', 'Laki-laki', 'Sembuh', '2023-09-23', '2023'),
('8160527213250001', 40, 'Bruno E. Wong', '8', 'Perempuan', 'Sembuh', '2023-07-22', '2023'),
('8160714285620001', 38, 'Dieter X. Pearson', '6', 'Laki-laki', 'Aktif', '2022-09-03', '2022'),
('8160739125420001', 45, 'Fitzgerald P. Henson', '4', 'Perempuan', 'Gejala', '2022-06-18', '2022'),
('8160872316570001', 4, 'Calvin P. Wynn', '9', 'Perempuan', 'Sembuh', '2023-09-06', '2023'),
('8161008511330001', 30, 'Sade V. Holloway', '7', 'Laki-laki', 'Aktif', '2022-09-07', '2022'),
('8161115943610001', 22, 'Julian G. Perry', '7', 'Laki-laki', 'Aktif', '2022-08-26', '2022'),
('8161276886630001', 27, 'Yael S. Robles', '2', 'Perempuan', 'Aktif', '2023-07-11', '2023'),
('8161286571230001', 24, 'Flavia S. Bentley', '7', 'Laki-laki', 'Gejala', '2022-06-06', '2022'),
('8161328564030001', 14, 'Alexis E. Lindsay', '3', 'Perempuan', 'Sembuh', '2023-07-06', '2023'),
('8161343366930001', 8, 'Gage J. Compton', '3', 'Laki-laki', 'Aktif', '2023-07-06', '2023'),
('8161350511200001', 39, 'Cara I. Conway', '6', 'Laki-laki', 'Gejala', '2023-09-12', '2023'),
('8161453722510001', 30, 'Clayton C. Dickson', '6', 'Perempuan', 'Gejala', '2023-06-23', '2023'),
('8161632067870001', 35, 'Ocean P. Mckenzie', '3', 'Perempuan', 'Gejala', '2022-06-16', '2022'),
('8161787960760001', 24, 'Abra D. Harvey', '7', 'Perempuan', 'Aktif', '2023-08-23', '2023'),
('8161795027700001', 22, 'Cyrus Z. Barnett', '5', 'Laki-laki', 'Sembuh', '2022-08-14', '2022'),
('8161797703150001', 33, 'Hanna B. Olson', '8', 'Perempuan', 'Sembuh', '2023-08-12', '2023'),
('8161816511240001', 22, 'Ralph L. Dunn', '7', 'Perempuan', 'Aktif', '2023-09-05', '2023'),
('8162024741880001', 17, 'Samuel I. Johnston', '9', 'Laki-laki', 'Gejala', '2022-06-16', '2022'),
('8162070548840001', 22, 'Donna Q. Nicholson', '5', 'Perempuan', 'Aktif', '2023-09-18', '2023'),
('8162098254200001', 2, 'Samson F. Barrett', '4', 'Laki-laki', 'Sembuh', '2023-09-05', '2023'),
('8162225910460001', 1, 'Signe X. Ellison', '2', 'Laki-laki', 'Aktif', '2023-06-05', '2023'),
('8162356788910001', 22, 'Iliana L. Kelley', '6', 'Laki-laki', 'Aktif', '2023-09-18', '2023'),
('8162382017660001', 8, 'Emery S. Barker', '3', 'Laki-laki', 'Gejala', '2023-06-13', '2023'),
('8162518537380001', 25, 'Gloria V. Cortez', '6', 'Laki-laki', 'Sembuh', '2022-09-06', '2022'),
('8162632833830001', 10, 'Derek M. Gonzales', '5', 'Laki-laki', 'Aktif', '2023-07-05', '2023'),
('8162697559660001', 31, 'Garrett B. Estrada', '10', 'Laki-laki', 'Gejala', '2023-06-05', '2023'),
('8162776516730001', 24, 'Xander Q. Noble', '9', 'Perempuan', 'Aktif', '2022-09-21', '2022'),
('8162932545160001', 23, 'Amethyst M. Day', '7', 'Laki-laki', 'Aktif', '2022-07-11', '2022'),
('8163021633310001', 48, 'Kenneth B. Wyatt', '9', 'Perempuan', 'Gejala', '2022-07-24', '2022'),
('8163339938610001', 40, 'Zachery H. Cantrell', '0', 'Laki-laki', 'Sembuh', '2023-08-08', '2023'),
('8163407761370001', 36, 'Maia K. Rodriquez', '6', 'Laki-laki', 'Gejala', '2023-09-16', '2023'),
('8163524483810001', 39, 'Asher V. Joyner', '7', 'Perempuan', 'Aktif', '2022-08-25', '2022'),
('8163575875100001', 33, 'Amber L. Rivers', '4', 'Laki-laki', 'Gejala', '2022-06-30', '2022'),
('8163647749860001', 3, 'Buckminster Z. Sullivan', '6', 'Perempuan', 'Gejala', '2023-07-15', '2023'),
('8163684259530001', 5, 'Paula P. Hinton', '2', 'Laki-laki', 'Sembuh', '2022-07-17', '2022'),
('8163727231710001', 7, 'Kelly X. French', '1', 'Perempuan', 'Gejala', '2022-07-12', '2022'),
('8163737577390001', 15, 'Germaine T. Potts', '9', 'Perempuan', 'Sembuh', '2023-06-26', '2023'),
('8163785725640001', 48, 'Amaya L. Ballard', '6', 'Laki-laki', 'Gejala', '2022-09-02', '2022'),
('8163850352870001', 27, 'Brody K. Cunningham', '0', 'Perempuan', 'Aktif', '2023-06-08', '2023'),
('8163916556160001', 26, 'Brady D. Pennington', '3', 'Laki-laki', 'Aktif', '2022-09-04', '2022'),
('8164127623870001', 34, 'Martha G. Reilly', '7', 'Perempuan', 'Sembuh', '2023-09-06', '2023'),
('8164214456460001', 27, 'Alma J. Hickman', '8', 'Perempuan', 'Gejala', '2022-07-19', '2022'),
('8164245233920001', 3, 'Tatyana J. Simmons', '2', 'Perempuan', 'Sembuh', '2022-07-18', '2022'),
('8164315542320001', 50, 'Rana S. Collier', '7', 'Perempuan', 'Aktif', '2022-09-17', '2022'),
('8164348445220001', 4, 'Ifeoma D. Rodgers', '3', 'Perempuan', 'Aktif', '2023-09-06', '2023'),
('8164368738690001', 34, 'Zelda Y. Mcfadden', '4', 'Laki-laki', 'Aktif', '2022-09-07', '2022'),
('8164502527110001', 30, 'Ralph S. Lane', '10', 'Perempuan', 'Sembuh', '2022-07-20', '2022'),
('8164537563560001', 30, 'Chase L. Sanders', '6', 'Perempuan', 'Aktif', '2023-06-26', '2023'),
('8164538784920001', 22, 'Xander Q. Mcguire', '5', 'Perempuan', 'Gejala', '2023-07-10', '2023'),
('8164595676970001', 11, 'Maite L. Blake', '2', 'Laki-laki', 'Gejala', '2022-08-13', '2022'),
('8164643886470001', 18, 'Gail Y. Saunders', '4', 'Perempuan', 'Sembuh', '2022-07-16', '2022'),
('8164790485130001', 20, 'Dora L. Holloway', '9', 'Perempuan', 'Sembuh', '2023-08-06', '2023'),
('8164863412420001', 47, 'Hedley L. White', '4', 'Laki-laki', 'Sembuh', '2023-08-29', '2023'),
('8164892243540001', 45, 'Philip Q. Moreno', '5', 'Perempuan', 'Sembuh', '2023-06-15', '2023'),
('8165028102850001', 11, 'Urielle L. Thomas', '4', 'Laki-laki', 'Aktif', '2023-08-28', '2023'),
('8165115614650001', 50, 'Colette K. Chandler', '2', 'Perempuan', 'Gejala', '2023-06-09', '2023'),
('8165125532320001', 16, 'Holly Q. Case', '7', 'Perempuan', 'Aktif', '2023-07-15', '2023'),
('8165176407360001', 1, 'Lawrence F. Cross', '0', 'Laki-laki', 'Sembuh', '2023-08-09', '2023'),
('8165235171670001', 20, 'Ali X. Norman', '7', 'Laki-laki', 'Sembuh', '2023-08-17', '2023'),
('8165288195100001', 6, 'Renee S. Snow', '6', 'Laki-laki', 'Sembuh', '2023-06-22', '2023'),
('8165355112170001', 48, 'Vaughan T. Jarvis', '5', 'Laki-laki', 'Sembuh', '2023-08-09', '2023'),
('8165459758960001', 14, 'Colin Y. Henderson', '5', 'Perempuan', 'Aktif', '2023-07-26', '2023'),
('8165488214670001', 42, 'Omar A. Mathis', '3', 'Perempuan', 'Aktif', '2022-07-09', '2022'),
('8165516041550001', 11, 'Mona V. Reese', '2', 'Perempuan', 'Aktif', '2022-07-01', '2022'),
('8165656334610001', 30, 'Zia R. Rosario', '0', 'Laki-laki', 'Gejala', '2023-09-27', '2023'),
('8165776021280001', 9, 'Lois T. Boone', '10', 'Laki-laki', 'Sembuh', '2023-09-03', '2023'),
('8165874579540001', 31, 'Aidan T. Hopper', '2', 'Perempuan', 'Aktif', '2023-08-17', '2023'),
('8165877987460001', 24, 'Timon A. Floyd', '9', 'Laki-laki', 'Gejala', '2023-06-04', '2023'),
('8165984812110001', 35, 'Sylvia Q. Burke', '7', 'Perempuan', 'Gejala', '2023-07-16', '2023'),
('8166163099430001', 14, 'Sydnee D. Austin', '3', 'Laki-laki', 'Aktif', '2023-07-01', '2023'),
('8166231886430001', 14, 'Basia R. Harper', '9', 'Perempuan', 'Gejala', '2023-08-29', '2023'),
('8166351720290001', 15, 'Ivory W. Barry', '10', 'Perempuan', 'Sembuh', '2022-06-20', '2022'),
('8166484596760001', 16, 'Baker P. Wright', '4', 'Perempuan', 'Aktif', '2023-08-20', '2023'),
('8166552596270001', 4, 'Rahim Y. Rutledge', '7', 'Laki-laki', 'Aktif', '2023-07-29', '2023'),
('8166625725230001', 45, 'Wallace S. Banks', '9', 'Perempuan', 'Aktif', '2022-08-27', '2022'),
('8166738579640001', 3, 'Emerson K. Riley', '0', 'Laki-laki', 'Aktif', '2022-06-17', '2022'),
('8166746415320001', 36, 'Shea K. Kinney', '9', 'Perempuan', 'Gejala', '2022-06-21', '2022'),
('8166838078190001', 18, 'Nadine W. Mcleod', '3', 'Laki-laki', 'Sembuh', '2023-06-29', '2023'),
('8166991781540001', 31, 'Jarrod N. Randall', '6', 'Laki-laki', 'Gejala', '2023-07-15', '2023'),
('8167127558440001', 43, 'Orli R. Baker', '9', 'Perempuan', 'Gejala', '2022-07-12', '2022'),
('8167342635130001', 36, 'Kermit R. Young', '8', 'Perempuan', 'Aktif', '2022-07-18', '2022'),
('8167417621180001', 30, 'Jackson I. Cabrera', '7', 'Laki-laki', 'Gejala', '2023-07-11', '2023'),
('8167433137650001', 46, 'Hammett N. Acevedo', '9', 'Perempuan', 'Sembuh', '2022-09-08', '2022'),
('8167484106860001', 27, 'Kimberly N. Cleveland', '1', 'Laki-laki', 'Aktif', '2022-06-06', '2022'),
('8167549268720001', 7, 'Hayley H. Campbell', '5', 'Perempuan', 'Gejala', '2022-06-10', '2022'),
('8167556965650001', 12, 'Davis A. Hanson', '3', 'Perempuan', 'Aktif', '2022-07-13', '2022'),
('8167811883240001', 48, 'Noelle C. Owen', '1', 'Perempuan', 'Gejala', '2023-06-11', '2023'),
('8167853202580001', 8, 'Colton F. Meadows', '8', 'Laki-laki', 'Gejala', '2023-09-04', '2023'),
('8167891692460001', 5, 'Lee N. Rodriguez', '0', 'Laki-laki', 'Aktif', '2022-08-04', '2022'),
('8167976259260001', 48, 'Burke D. Wallace', '6', 'Perempuan', 'Sembuh', '2022-07-15', '2022'),
('8168052489850001', 29, 'Rose V. Hutchinson', '8', 'Perempuan', 'Sembuh', '2023-07-18', '2023'),
('8168111468870001', 3, 'Sylvester T. Lancaster', '0', 'Laki-laki', 'Aktif', '2023-09-18', '2023'),
('8168117876310001', 35, 'Byron B. Lott', '0', 'Perempuan', 'Gejala', '2023-06-27', '2023'),
('8168178975970001', 34, 'Miriam X. House', '4', 'Laki-laki', 'Gejala', '2022-07-05', '2022'),
('8168216186810001', 28, 'Angelica W. Lane', '3', 'Perempuan', 'Gejala', '2023-09-15', '2023'),
('8168231017450001', 1, 'Emily T. Dominguez', '7', 'Laki-laki', 'Gejala', '2022-06-11', '2022'),
('8168256248750001', 37, 'Slade V. Garza', '8', 'Laki-laki', 'Aktif', '2023-06-09', '2023'),
('8168281417640001', 1, 'Keaton D. Hartman', '5', 'Perempuan', 'Gejala', '2022-06-10', '2022'),
('8168816612130001', 30, 'Keiko B. Mack', '5', 'Laki-laki', 'Sembuh', '2023-09-18', '2023'),
('8168887275140001', 35, 'Amos G. Cameron', '7', 'Perempuan', 'Gejala', '2023-09-22', '2023'),
('8168916281170001', 10, 'Jescie S. Martin', '10', 'Laki-laki', 'Aktif', '2023-09-02', '2023'),
('8169139456670001', 3, 'Hamish U. Harding', '5', 'Perempuan', 'Aktif', '2022-07-13', '2022'),
('8169219372360001', 42, 'Winifred G. Sharp', '9', 'Laki-laki', 'Gejala', '2023-07-03', '2023'),
('8169371141850001', 18, 'Felicia H. Byers', '7', 'Perempuan', 'Aktif', '2023-06-28', '2023'),
('8169483312980001', 48, 'Coby J. Donovan', '7', 'Perempuan', 'Aktif', '2023-09-18', '2023'),
('8169711520180001', 18, 'Brittany K. Hewitt', '3', 'Perempuan', 'Aktif', '2023-06-26', '2023'),
('8170139537120001', 18, 'Jonah K. Whitney', '8', 'Perempuan', 'Gejala', '2023-06-05', '2023'),
('8170373846750001', 37, 'Jillian X. Walsh', '7', 'Laki-laki', 'Aktif', '2023-08-09', '2023'),
('8170417942390001', 24, 'Tatyana H. Navarro', '10', 'Perempuan', 'Gejala', '2022-08-08', '2022'),
('8170584412130001', 33, 'Uta H. Lancaster', '6', 'Laki-laki', 'Sembuh', '2023-08-31', '2023'),
('8170884814370001', 28, 'Kevyn O. Greene', '5', 'Perempuan', 'Gejala', '2022-07-11', '2022'),
('8170931497180001', 25, 'Wendy Q. Peters', '1', 'Perempuan', 'Aktif', '2023-09-17', '2023'),
('8171117428330001', 33, 'Maisie H. Wilkins', '7', 'Perempuan', 'Aktif', '2023-06-28', '2023'),
('8171120226970001', 40, 'Christine S. Spence', '4', 'Laki-laki', 'Aktif', '2022-08-27', '2022'),
('8171203925310001', 35, 'Cheyenne N. Farley', '6', 'Laki-laki', 'Gejala', '2022-07-13', '2022'),
('8171213522160001', 47, 'Hakeem Y. Dotson', '3', 'Laki-laki', 'Gejala', '2023-06-18', '2023'),
('8171234623330001', 3, 'Nash R. Chambers', '5', 'Perempuan', 'Aktif', '2022-08-07', '2022'),
('8171273028320001', 33, 'Ella W. Ramirez', '0', 'Laki-laki', 'Aktif', '2022-06-25', '2022'),
('8171644224700001', 49, 'Sebastian J. Lucas', '4', 'Laki-laki', 'Aktif', '2022-09-15', '2022'),
('8171669734510001', 47, 'Myles K. Mcknight', '8', 'Perempuan', 'Sembuh', '2022-09-29', '2022'),
('8171723975450001', 26, 'Maile V. Mcmillan', '1', 'Perempuan', 'Aktif', '2023-08-31', '2023'),
('8171893038470001', 9, 'Cailin C. Le', '5', 'Perempuan', 'Gejala', '2022-07-02', '2022'),
('8171898793330001', 5, 'Micah U. Waller', '7', 'Laki-laki', 'Sembuh', '2023-09-07', '2023'),
('8171947651250001', 10, 'Wade B. Levy', '6', 'Laki-laki', 'Sembuh', '2023-06-23', '2023'),
('8172177944520001', 36, 'Quon S. Hester', '9', 'Perempuan', 'Sembuh', '2022-08-06', '2022'),
('8172180290450001', 5, 'Coby C. Langley', '1', 'Perempuan', 'Aktif', '2022-09-22', '2022'),
('8172258232720001', 31, 'Buckminster V. Stone', '6', 'Perempuan', 'Sembuh', '2022-09-03', '2022'),
('8172267324550001', 4, 'Selma B. Arnold', '1', 'Laki-laki', 'Aktif', '2022-06-26', '2022'),
('8172358052050001', 22, 'Stephen T. Norton', '7', 'Perempuan', 'Sembuh', '2023-08-10', '2023'),
('8172446446450001', 18, 'Bethany W. Neal', '2', 'Perempuan', 'Aktif', '2022-07-03', '2022'),
('8172527352820001', 3, 'Lillith U. Jones', '2', 'Laki-laki', 'Aktif', '2023-08-30', '2023'),
('8172584436180001', 48, 'Amelia K. Williamson', '5', 'Perempuan', 'Aktif', '2023-06-07', '2023'),
('8172774263250001', 19, 'Caldwell C. Mason', '4', 'Perempuan', 'Gejala', '2022-06-13', '2022'),
('8172850415330001', 12, 'Rogan G. Lamb', '8', 'Laki-laki', 'Aktif', '2023-09-13', '2023'),
('8173028711250001', 10, 'Graham V. Blake', '3', 'Perempuan', 'Gejala', '2023-09-11', '2023'),
('8173154461630001', 20, 'Rooney V. Graham', '3', 'Perempuan', 'Aktif', '2023-07-28', '2023'),
('8173328185300001', 40, 'Lane L. Love', '9', 'Laki-laki', 'Aktif', '2022-08-23', '2022'),
('8173358480680001', 34, 'Baxter K. Kelley', '4', 'Laki-laki', 'Aktif', '2023-09-15', '2023'),
('8173377409650001', 39, 'Ima M. Best', '4', 'Laki-laki', 'Sembuh', '2022-07-19', '2022'),
('8173422725450001', 13, 'Rylee R. Chavez', '9', 'Perempuan', 'Aktif', '2023-09-11', '2023'),
('8173632661280001', 5, 'Brendan T. Norris', '8', 'Laki-laki', 'Aktif', '2022-08-17', '2022'),
('8173641145270001', 36, 'Nomlanga L. Hayes', '6', 'Perempuan', 'Aktif', '2022-09-26', '2022'),
('8173725539630001', 2, 'Thomas R. Valenzuela', '10', 'Laki-laki', 'Aktif', '2023-06-08', '2023'),
('8173886450130001', 16, 'Briar J. Battle', '5', 'Perempuan', 'Gejala', '2023-07-20', '2023'),
('8174053888670001', 37, 'Magee S. Marshall', '2', 'Perempuan', 'Aktif', '2022-06-30', '2022'),
('8174214539670001', 12, 'Jeremy E. Mueller', '5', 'Laki-laki', 'Aktif', '2023-07-03', '2023'),
('8174264408760001', 44, 'Orla A. Cline', '2', 'Perempuan', 'Gejala', '2023-07-29', '2023'),
('8174333270030001', 28, 'Fuller T. Frederick', '6', 'Perempuan', 'Gejala', '2023-07-01', '2023'),
('8174521134780001', 3, 'Nora P. Ellis', '4', 'Laki-laki', 'Aktif', '2023-07-28', '2023'),
('8174543742330001', 21, 'Brody B. Rosario', '4', 'Perempuan', 'Gejala', '2022-08-24', '2022'),
('8174702464370001', 5, 'Jacob L. Lindsay', '7', 'Perempuan', 'Aktif', '2023-08-04', '2023'),
('8174716034360001', 44, 'Joelle C. Bishop', '3', 'Laki-laki', 'Gejala', '2023-09-15', '2023'),
('8174724181250001', 44, 'Scarlet J. Burris', '7', 'Perempuan', 'Gejala', '2023-07-12', '2023'),
('8174732267620001', 26, 'Melissa O. Peck', '7', 'Laki-laki', 'Sembuh', '2022-09-28', '2022'),
('8174868622610001', 46, 'Alisa E. Donovan', '1', 'Laki-laki', 'Sembuh', '2022-07-28', '2022'),
('8174936737820001', 20, 'Bert A. Bernard', '3', 'Perempuan', 'Sembuh', '2023-08-06', '2023'),
('8175067454380001', 46, 'Wyatt B. Fitzgerald', '9', 'Laki-laki', 'Sembuh', '2023-07-04', '2023'),
('8175130134950001', 14, 'Aileen Q. Pruitt', '6', 'Laki-laki', 'Sembuh', '2022-08-06', '2022'),
('8175249205780001', 41, 'Shellie O. Emerson', '2', 'Laki-laki', 'Sembuh', '2022-06-30', '2022'),
('8175253967210001', 22, 'McKenzie B. Aguirre', '6', 'Laki-laki', 'Gejala', '2022-08-09', '2022'),
('8175284480870001', 20, 'Kenneth Y. Mckinney', '9', 'Perempuan', 'Sembuh', '2022-06-01', '2022'),
('8175286312620001', 10, 'Dieter H. Charles', '9', 'Laki-laki', 'Aktif', '2023-09-21', '2023'),
('8175364453260001', 25, 'Giacomo P. Terry', '2', 'Laki-laki', 'Gejala', '2022-09-13', '2022'),
('8175571640110001', 33, 'Ruby E. Miranda', '8', 'Laki-laki', 'Sembuh', '2023-09-24', '2023'),
('8175647115320001', 35, 'Audra S. Blevins', '6', 'Perempuan', 'Aktif', '2023-08-18', '2023'),
('8175725263850001', 7, 'Josephine A. Mccray', '3', 'Perempuan', 'Gejala', '2022-09-22', '2022'),
('8175828270610001', 39, 'Kibo J. French', '7', 'Laki-laki', 'Gejala', '2022-08-15', '2022'),
('8175835779880001', 30, 'Aurora N. Conway', '5', 'Laki-laki', 'Aktif', '2023-07-09', '2023'),
('8175952775210001', 4, 'Joshua F. Cruz', '2', 'Perempuan', 'Sembuh', '2023-09-30', '2023'),
('8176390182980001', 27, 'Lionel N. Francis', '4', 'Laki-laki', 'Sembuh', '2023-09-23', '2023'),
('8176444572570001', 25, 'Anika V. Ortega', '7', 'Perempuan', 'Aktif', '2023-07-29', '2023'),
('8176466648650001', 12, 'Gloria F. Richmond', '7', 'Laki-laki', 'Sembuh', '2023-08-27', '2023'),
('8176476840450001', 2, 'Melissa N. Bradshaw', '1', 'Laki-laki', 'Gejala', '2023-06-05', '2023'),
('8176506643210001', 3, 'Avye Z. Haley', '2', 'Perempuan', 'Gejala', '2023-06-16', '2023'),
('8176567437740001', 29, 'Darius Z. Durham', '5', 'Laki-laki', 'Sembuh', '2023-08-23', '2023'),
('8176612635980001', 29, 'Jocelyn P. Rodriquez', '9', 'Perempuan', 'Gejala', '2022-06-04', '2022'),
('8176656228770001', 12, 'Stacy B. Cash', '7', 'Laki-laki', 'Gejala', '2023-08-10', '2023'),
('8176721261830001', 41, 'Kiona F. Lindsay', '4', 'Perempuan', 'Aktif', '2023-06-16', '2023'),
('8177018377470001', 8, 'Mallory X. Trevino', '3', 'Laki-laki', 'Gejala', '2022-08-10', '2022'),
('8177111441920001', 46, 'Joel G. Gregory', '10', 'Laki-laki', 'Gejala', '2022-06-20', '2022'),
('8177385429780001', 37, 'Lila A. Potter', '9', 'Perempuan', 'Sembuh', '2023-07-24', '2023'),
('8177406586520001', 5, 'Jarrod K. Neal', '4', 'Laki-laki', 'Sembuh', '2022-06-10', '2022'),
('8177411746620001', 6, 'Justina L. Mcintyre', '8', 'Perempuan', 'Gejala', '2022-08-02', '2022'),
('8177451583660001', 22, 'Nolan A. Marsh', '8', 'Laki-laki', 'Aktif', '2023-06-25', '2023'),
('8177533874670001', 16, 'Wylie H. Mcintyre', '6', 'Laki-laki', 'Sembuh', '2023-07-15', '2023'),
('8177570783430001', 22, 'Gareth D. Carney', '1', 'Perempuan', 'Sembuh', '2022-07-02', '2022'),
('8177589076910001', 1, 'Alea O. House', '1', 'Perempuan', 'Sembuh', '2023-09-10', '2023'),
('8177651889720001', 34, 'Charlotte I. Morgan', '6', 'Laki-laki', 'Gejala', '2023-07-12', '2023'),
('8177659862500001', 44, 'Leah W. Boyer', '2', 'Perempuan', 'Sembuh', '2023-06-27', '2023'),
('8177667632910001', 20, 'Marsden J. Floyd', '9', 'Laki-laki', 'Gejala', '2023-08-21', '2023'),
('8177673593710001', 7, 'Quinn P. Craft', '2', 'Perempuan', 'Aktif', '2023-09-27', '2023'),
('8177750886750001', 43, 'Carolyn I. Flynn', '1', 'Laki-laki', 'Sembuh', '2022-09-07', '2022'),
('8177846691530001', 7, 'Kerry Q. Velez', '7', 'Perempuan', 'Aktif', '2022-08-21', '2022'),
('8177917641060001', 37, 'Ivan B. Osborne', '9', 'Laki-laki', 'Sembuh', '2022-07-04', '2022'),
('8178134012860001', 34, 'Warren U. Bray', '6', 'Laki-laki', 'Aktif', '2023-07-22', '2023'),
('8178181420560001', 41, 'Porter P. Frank', '8', 'Perempuan', 'Gejala', '2022-08-27', '2022'),
('8178241861350001', 49, 'Kelly H. Wilcox', '7', 'Laki-laki', 'Sembuh', '2023-08-13', '2023'),
('8178333806010001', 33, 'Madeson A. Bird', '9', 'Laki-laki', 'Gejala', '2022-08-14', '2022'),
('8178422813630001', 36, 'Caesar M. Hawkins', '2', 'Laki-laki', 'Sembuh', '2023-08-24', '2023'),
('8178441367110001', 12, 'Dustin N. Bauer', '7', 'Laki-laki', 'Gejala', '2023-09-22', '2023'),
('8178471738500001', 6, 'Berk O. Lloyd', '8', 'Perempuan', 'Gejala', '2022-06-15', '2022'),
('8178515112580001', 27, 'Paul M. Kelley', '1', 'Perempuan', 'Gejala', '2023-08-30', '2023'),
('8178651436400001', 16, 'Kai S. Ochoa', '9', 'Laki-laki', 'Aktif', '2023-07-10', '2023'),
('8178743604450001', 17, 'Grace V. Mejia', '3', 'Laki-laki', 'Gejala', '2023-06-22', '2023'),
('8178788364340001', 34, 'Kyla X. Shepard', '6', 'Laki-laki', 'Aktif', '2022-09-18', '2022'),
('8178811266550001', 47, 'Phelan D. Norman', '6', 'Laki-laki', 'Aktif', '2023-07-03', '2023'),
('8178825240350001', 17, 'Lareina N. Cain', '5', 'Perempuan', 'Sembuh', '2023-08-19', '2023'),
('8178857912860001', 23, 'Germaine Y. Skinner', '5', 'Perempuan', 'Sembuh', '2022-07-21', '2022'),
('8178875391850001', 11, 'Fletcher J. Rivas', '7', 'Perempuan', 'Aktif', '2023-06-15', '2023'),
('8178965440040001', 32, 'Inga E. Allison', '9', 'Perempuan', 'Sembuh', '2022-06-23', '2022'),
('8179128647350001', 2, 'Selma F. Contreras', '5', 'Laki-laki', 'Aktif', '2022-07-08', '2022'),
('8179135948720001', 10, 'Pascale K. Wilson', '1', 'Laki-laki', 'Sembuh', '2022-09-30', '2022'),
('8179138815720001', 42, 'Darryl N. Edwards', '5', 'Laki-laki', 'Gejala', '2022-09-17', '2022'),
('8179181721810001', 24, 'Nicole B. Jefferson', '3', 'Laki-laki', 'Gejala', '2023-07-26', '2023'),
('8179227925540001', 21, 'Emmanuel D. Paul', '2', 'Laki-laki', 'Aktif', '2022-07-31', '2022'),
('8179430727260001', 37, 'Keelie C. Acosta', '8', 'Laki-laki', 'Sembuh', '2023-08-17', '2023'),
('8179597612560001', 5, 'Tallulah N. Dunlap', '7', 'Laki-laki', 'Aktif', '2022-07-12', '2022'),
('8179623516970001', 26, 'Cedric N. Houston', '8', 'Perempuan', 'Aktif', '2023-09-12', '2023'),
('8179712043360001', 16, 'Aurora D. Ramsey', '2', 'Perempuan', 'Sembuh', '2023-09-01', '2023'),
('8179823206260001', 12, 'Mohammad D. Roman', '1', 'Laki-laki', 'Gejala', '2023-09-16', '2023'),
('8180213712820001', 4, 'Gail G. Dunn', '3', 'Laki-laki', 'Sembuh', '2023-07-16', '2023'),
('8180234986110001', 34, 'Salvador K. Shaffer', '1', 'Perempuan', 'Aktif', '2023-06-10', '2023'),
('8180275182980001', 26, 'Kenyon C. Savage', '4', 'Perempuan', 'Sembuh', '2023-09-06', '2023'),
('8180444514140001', 41, 'Celeste S. Bruce', '9', 'Laki-laki', 'Gejala', '2022-08-01', '2022'),
('8180462383820001', 12, 'Sebastian L. Calhoun', '3', 'Laki-laki', 'Gejala', '2023-06-27', '2023'),
('8180717565130001', 31, 'Addison G. Knapp', '1', 'Laki-laki', 'Aktif', '2023-09-08', '2023'),
('8180863248550001', 35, 'Aspen G. Brock', '8', 'Laki-laki', 'Gejala', '2023-09-06', '2023'),
('8180871423350001', 31, 'Phoebe C. Whitney', '7', 'Perempuan', 'Sembuh', '2023-09-30', '2023'),
('8180955786340001', 12, 'Yoshio H. Keith', '5', 'Perempuan', 'Aktif', '2023-06-18', '2023'),
('8180987074040001', 34, 'Merritt G. Jenkins', '5', 'Perempuan', 'Gejala', '2022-09-12', '2022'),
('8181147623170001', 15, 'Victoria F. Rios', '2', 'Perempuan', 'Sembuh', '2023-08-11', '2023'),
('8181342974190001', 12, 'Odessa X. Kemp', '6', 'Perempuan', 'Gejala', '2022-07-27', '2022'),
('8181781555810001', 36, 'Uta J. Bass', '6', 'Laki-laki', 'Gejala', '2022-08-03', '2022'),
('8181804778220001', 42, 'Lucas Z. Cherry', '7', 'Perempuan', 'Sembuh', '2022-07-24', '2022'),
('8181816062680001', 14, 'Reed B. George', '0', 'Perempuan', 'Aktif', '2022-06-16', '2022'),
('8181890684630001', 25, 'Amy S. Barrett', '1', 'Perempuan', 'Gejala', '2023-09-20', '2023'),
('8182163126210001', 15, 'Cleo Q. Vang', '3', 'Laki-laki', 'Aktif', '2022-08-05', '2022'),
('8182264125440001', 35, 'Stephen L. Massey', '4', 'Laki-laki', 'Gejala', '2023-08-30', '2023'),
('8182284272390001', 7, 'Myra X. Hutchinson', '3', 'Perempuan', 'Aktif', '2023-09-09', '2023'),
('8182349775720001', 43, 'Serina K. Thomas', '7', 'Perempuan', 'Sembuh', '2022-09-12', '2022'),
('8182412126690001', 30, 'Darrel V. Nieves', '7', 'Laki-laki', 'Aktif', '2022-07-30', '2022'),
('8182583352660001', 19, 'Cameran J. Durham', '5', 'Laki-laki', 'Sembuh', '2023-07-31', '2023'),
('8182758866640001', 5, 'Cruz W. Park', '2', 'Perempuan', 'Gejala', '2023-07-13', '2023'),
('8182760650180001', 23, 'Quamar F. Hawkins', '4', 'Perempuan', 'Sembuh', '2023-09-10', '2023'),
('8182765034410001', 10, 'Jessamine I. Johnson', '7', 'Laki-laki', 'Aktif', '2022-07-12', '2022'),
('8182775633610001', 2, 'Alfonso B. Horne', '8', 'Perempuan', 'Gejala', '2022-07-06', '2022'),
('8182888848830001', 33, 'Hedy I. Sweet', '6', 'Laki-laki', 'Sembuh', '2023-08-16', '2023'),
('8182937639130001', 39, 'Thaddeus I. Gray', '10', 'Perempuan', 'Gejala', '2022-08-23', '2022'),
('8183022167270001', 48, 'Vielka I. Britt', '2', 'Perempuan', 'Gejala', '2023-08-19', '2023'),
('8183064183180001', 9, 'Vivian L. Sharp', '5', 'Perempuan', 'Aktif', '2023-09-30', '2023'),
('8183179516820001', 29, 'Ferris V. Aguirre', '9', 'Perempuan', 'Gejala', '2023-06-27', '2023'),
('8183238647230001', 46, 'Colleen Q. Kelley', '6', 'Laki-laki', 'Sembuh', '2022-09-16', '2022'),
('8183239134450001', 48, 'Chase G. Guthrie', '3', 'Perempuan', 'Sembuh', '2022-08-15', '2022'),
('8183246612810001', 1, 'August W. Pruitt', '5', 'Laki-laki', 'Aktif', '2023-08-07', '2023'),
('8183453441710001', 7, 'Lamar K. Boyd', '4', 'Perempuan', 'Sembuh', '2023-07-18', '2023'),
('8183470215430001', 25, 'Fiona X. Brewer', '4', 'Perempuan', 'Aktif', '2022-06-18', '2022'),
('8183713613140001', 38, 'Patience J. Castillo', '5', 'Perempuan', 'Gejala', '2022-07-15', '2022'),
('8183740981750001', 5, 'Scott K. Hess', '9', 'Perempuan', 'Gejala', '2022-07-24', '2022'),
('8183826707770001', 22, 'Joy L. Fitzpatrick', '5', 'Laki-laki', 'Aktif', '2023-07-03', '2023'),
('8184160251880001', 43, 'Martha R. Moses', '6', 'Perempuan', 'Sembuh', '2022-06-22', '2022'),
('8184162518760001', 14, 'Wyatt K. Day', '5', 'Perempuan', 'Sembuh', '2022-07-01', '2022'),
('8184187612140001', 10, 'Ainsley M. Barlow', '9', 'Perempuan', 'Aktif', '2022-09-11', '2022'),
('8184272946930001', 6, 'Raja X. Williams', '2', 'Laki-laki', 'Gejala', '2023-09-23', '2023'),
('8184316557670001', 35, 'Chancellor Y. Watts', '7', 'Perempuan', 'Sembuh', '2022-06-02', '2022'),
('8184410171550001', 10, 'Odysseus N. Lowery', '6', 'Laki-laki', 'Sembuh', '2022-07-19', '2022'),
('8184474481740001', 21, 'Aurelia J. Ramirez', '3', 'Perempuan', 'Gejala', '2022-06-22', '2022'),
('8184475588920001', 15, 'Keegan J. Mcmahon', '8', 'Laki-laki', 'Aktif', '2022-06-22', '2022'),
('8184775197220001', 37, 'Oscar M. White', '5', 'Perempuan', 'Aktif', '2023-08-22', '2023'),
('8184787135360001', 25, 'Ray N. Cline', '5', 'Perempuan', 'Sembuh', '2023-06-28', '2023'),
('8184863089640001', 26, 'Pearl L. Cortez', '5', 'Laki-laki', 'Gejala', '2023-07-07', '2023'),
('8185154670180001', 41, 'Shelly P. Moses', '1', 'Laki-laki', 'Sembuh', '2023-06-18', '2023'),
('8185169729660001', 6, 'Xanthus D. Avery', '1', 'Perempuan', 'Gejala', '2023-06-14', '2023'),
('8185232872180001', 21, 'Brett Y. Hubbard', '4', 'Perempuan', 'Sembuh', '2023-09-10', '2023'),
('8185377687730001', 11, 'Sandra Q. Powers', '9', 'Laki-laki', 'Sembuh', '2022-06-26', '2022'),
('8185444241650001', 27, 'Fiona I. Park', '3', 'Laki-laki', 'Gejala', '2023-06-20', '2023'),
('8185471336800001', 29, 'Judah T. Alvarez', '1', 'Laki-laki', 'Aktif', '2022-06-12', '2022'),
('8185508854310001', 29, 'Sasha I. Frederick', '1', 'Laki-laki', 'Aktif', '2022-06-07', '2022'),
('8185513247620001', 4, 'Octavia V. Lopez', '3', 'Laki-laki', 'Gejala', '2022-08-08', '2022'),
('8185745164320001', 47, 'Rajah S. Perry', '9', 'Laki-laki', 'Sembuh', '2023-07-17', '2023'),
('8185748681340001', 19, 'Chadwick O. Bird', '3', 'Laki-laki', 'Aktif', '2022-06-19', '2022'),
('8185835633560001', 4, 'Jillian T. Yang', '7', 'Laki-laki', 'Gejala', '2023-09-22', '2023'),
('8186152846540001', 23, 'Josiah Y. Hurst', '6', 'Perempuan', 'Aktif', '2023-09-20', '2023'),
('8186301336280001', 23, 'Joel Q. Mcclure', '5', 'Laki-laki', 'Gejala', '2022-08-30', '2022'),
('8186451704950001', 16, 'Gary R. Tanner', '9', 'Perempuan', 'Aktif', '2023-06-29', '2023'),
('8186567434830001', 36, 'Cade I. Sutton', '4', 'Laki-laki', 'Aktif', '2022-07-14', '2022'),
('8186701228620001', 48, 'Gwendolyn K. Crosby', '8', 'Laki-laki', 'Gejala', '2023-06-04', '2023'),
('8186708622810001', 43, 'Hoyt T. Nolan', '4', 'Perempuan', 'Sembuh', '2023-07-08', '2023'),
('8186759337540001', 3, 'Leonard W. Carver', '1', 'Laki-laki', 'Gejala', '2023-08-03', '2023'),
('8186767744520001', 6, 'Jena S. Lloyd', '3', 'Laki-laki', 'Aktif', '2023-09-24', '2023'),
('8186861464750001', 11, 'Gary C. Wells', '1', 'Perempuan', 'Sembuh', '2022-08-06', '2022'),
('8186995143470001', 20, 'Mark F. Perry', '2', 'Perempuan', 'Aktif', '2023-09-17', '2023'),
('8187035387550001', 10, 'Todd B. Barrera', '1', 'Perempuan', 'Gejala', '2023-08-11', '2023'),
('8187037230450001', 46, 'Cally S. Merritt', '2', 'Laki-laki', 'Gejala', '2022-07-08', '2022'),
('8187122193840001', 1, 'Duncan D. Hoffman', '6', 'Perempuan', 'Sembuh', '2022-07-30', '2022'),
('8187166940370001', 42, 'Azalia L. Cantrell', '3', 'Laki-laki', 'Aktif', '2023-08-26', '2023'),
('8187227883260001', 10, 'Jason B. Gallagher', '10', 'Laki-laki', 'Sembuh', '2022-08-14', '2022'),
('8187364547780001', 40, 'Hammett I. Franco', '3', 'Laki-laki', 'Sembuh', '2022-06-16', '2022'),
('8187426182080001', 2, 'Todd X. Ayers', '4', 'Laki-laki', 'Gejala', '2023-09-18', '2023'),
('8187626760120001', 49, 'Geoffrey K. Kaufman', '2', 'Perempuan', 'Aktif', '2022-08-16', '2022'),
('8187679986460001', 17, 'Kyra M. Walters', '8', 'Laki-laki', 'Aktif', '2023-06-07', '2023'),
('8187728715530001', 43, 'Laura U. Fitzpatrick', '6', 'Perempuan', 'Sembuh', '2023-07-31', '2023'),
('8187744471990001', 47, 'Regan J. Wiggins', '5', 'Perempuan', 'Gejala', '2023-09-14', '2023'),
('8188175346680001', 34, 'Camille F. Bean', '10', 'Perempuan', 'Gejala', '2022-08-14', '2022'),
('8188271543620001', 26, 'Fatima I. Chavez', '6', 'Perempuan', 'Aktif', '2022-09-20', '2022'),
('8188323397750001', 38, 'Lydia S. Navarro', '7', 'Perempuan', 'Aktif', '2023-06-20', '2023'),
('8188463274360001', 14, 'Denise Q. Cooke', '3', 'Laki-laki', 'Aktif', '2022-06-07', '2022'),
('8188485482540001', 5, 'Deirdre V. Hart', '2', 'Perempuan', 'Aktif', '2022-07-05', '2022'),
('8188549751640001', 21, 'Jin V. Burks', '9', 'Laki-laki', 'Gejala', '2022-09-19', '2022'),
('8188649132780001', 35, 'Erich O. Cameron', '1', 'Perempuan', 'Sembuh', '2023-08-24', '2023'),
('8188757577830001', 43, 'Jael D. Phillips', '3', 'Laki-laki', 'Gejala', '2023-09-03', '2023'),
('8188822366640001', 6, 'Brittany F. James', '8', 'Laki-laki', 'Sembuh', '2022-08-05', '2022'),
('8188822515920001', 11, 'Raymond S. O\'donnell', '7', 'Perempuan', 'Sembuh', '2022-09-12', '2022'),
('8188831571740001', 10, 'Helen W. Daugherty', '2', 'Laki-laki', 'Aktif', '2022-09-15', '2022'),
('8188842230970001', 28, 'Lewis J. Cummings', '2', 'Perempuan', 'Sembuh', '2023-06-21', '2023'),
('8188852635100001', 13, 'Hayes D. Barrera', '3', 'Perempuan', 'Gejala', '2022-06-03', '2022'),
('8188913276360001', 23, 'Anthony K. Vaughan', '1', 'Laki-laki', 'Aktif', '2023-06-30', '2023'),
('8188932433220001', 47, 'Justin H. Kidd', '9', 'Laki-laki', 'Sembuh', '2023-09-07', '2023'),
('8188979555320001', 47, 'Sydnee N. Wiggins', '3', 'Laki-laki', 'Sembuh', '2023-09-20', '2023'),
('8189086693740001', 44, 'Aurelia J. York', '2', 'Laki-laki', 'Aktif', '2022-09-01', '2022'),
('8189444717010001', 31, 'Germane T. Ball', '7', 'Laki-laki', 'Gejala', '2022-08-22', '2022'),
('8190318658340001', 36, 'Murphy W. Oneal', '6', 'Laki-laki', 'Sembuh', '2023-07-04', '2023'),
('8190751161050001', 34, 'Aristotle M. Leblanc', '4', 'Perempuan', 'Gejala', '2022-09-27', '2022'),
('8191149197160001', 10, 'Yuri V. Chavez', '10', 'Laki-laki', 'Sembuh', '2023-08-22', '2023'),
('8191154513770001', 12, 'Kane A. Hughes', '1', 'Laki-laki', 'Gejala', '2022-08-02', '2022'),
('8191343913660001', 40, 'Hoyt J. Mcdowell', '4', 'Perempuan', 'Sembuh', '2023-09-24', '2023'),
('8191373478250001', 34, 'Leigh O. Rocha', '6', 'Laki-laki', 'Sembuh', '2023-08-24', '2023'),
('8191385281140001', 6, 'Pandora D. Stevens', '3', 'Laki-laki', 'Aktif', '2023-09-07', '2023'),
('8191542483540001', 17, 'Rooney U. Joyner', '5', 'Laki-laki', 'Aktif', '2022-08-08', '2022'),
('8191624107790001', 23, 'Murphy L. Barrera', '2', 'Laki-laki', 'Sembuh', '2023-08-30', '2023'),
('8191758041530001', 7, 'Brett A. Coleman', '1', 'Laki-laki', 'Sembuh', '2023-08-01', '2023'),
('8191858244840001', 29, 'Tobias X. Dawson', '2', 'Laki-laki', 'Aktif', '2022-08-07', '2022'),
('8192327207440001', 12, 'Alexander Y. Berger', '7', 'Laki-laki', 'Gejala', '2023-06-04', '2023'),
('8192341708690001', 9, 'Irene T. Reynolds', '3', 'Laki-laki', 'Aktif', '2023-07-15', '2023'),
('8192456532680001', 45, 'Hiram N. Hendrix', '3', 'Perempuan', 'Gejala', '2022-06-05', '2022'),
('8192714051270001', 7, 'Thane X. Conner', '0', 'Perempuan', 'Sembuh', '2022-07-21', '2022'),
('8192835024730001', 10, 'MacKenzie E. Avery', '7', 'Perempuan', 'Sembuh', '2023-09-10', '2023'),
('8192908644630001', 12, 'Ginger C. Pace', '2', 'Perempuan', 'Aktif', '2022-08-11', '2022'),
('8193113806390001', 30, 'Shelly M. Harding', '7', 'Laki-laki', 'Aktif', '2022-09-08', '2022'),
('8193366761750001', 30, 'Amery R. Mcgowan', '6', 'Laki-laki', 'Aktif', '2023-06-11', '2023'),
('8193596962620001', 21, 'Blake N. Conley', '2', 'Perempuan', 'Sembuh', '2022-06-11', '2022'),
('8193866451670001', 18, 'Cruz K. Bowman', '9', 'Laki-laki', 'Gejala', '2023-09-11', '2023'),
('8194157957490001', 42, 'Bernard U. Decker', '4', 'Laki-laki', 'Gejala', '2023-09-24', '2023'),
('8194210713480001', 35, 'Melinda L. Pate', '6', 'Laki-laki', 'Aktif', '2023-08-31', '2023'),
('8194269366820001', 25, 'Freya S. Glenn', '1', 'Laki-laki', 'Aktif', '2022-07-26', '2022'),
('8194291928240001', 23, 'Rogan K. Paul', '5', 'Laki-laki', 'Aktif', '2023-07-07', '2023'),
('8194727828360001', 28, 'Charde S. Ochoa', '9', 'Perempuan', 'Sembuh', '2023-09-19', '2023'),
('8194947448630001', 10, 'Zephania A. Snow', '7', 'Laki-laki', 'Sembuh', '2022-06-09', '2022'),
('8195178094980001', 36, 'Owen I. Hyde', '9', 'Perempuan', 'Gejala', '2023-08-02', '2023'),
('8195184016970001', 41, 'Renee O. Barron', '5', 'Perempuan', 'Gejala', '2023-08-31', '2023'),
('8195282434450001', 23, 'Heidi F. Griffith', '2', 'Perempuan', 'Sembuh', '2023-09-21', '2023'),
('8195333978170001', 19, 'Lenore X. Mckay', '4', 'Laki-laki', 'Sembuh', '2022-07-26', '2022'),
('8195521942870001', 4, 'Ashton G. Guzman', '1', 'Perempuan', 'Sembuh', '2022-08-28', '2022'),
('8195878327390001', 38, 'Matthew A. Dunlap', '7', 'Laki-laki', 'Gejala', '2023-07-10', '2023'),
('8196147687150001', 42, 'Brody D. Mcclure', '10', 'Laki-laki', 'Aktif', '2023-09-05', '2023'),
('8196187579860001', 1, 'Jade U. Hoffman', '5', 'Perempuan', 'Sembuh', '2022-08-22', '2022'),
('8196378872050001', 36, 'Malcolm B. Salinas', '4', 'Laki-laki', 'Sembuh', '2023-06-23', '2023'),
('8196816049810001', 39, 'Erin P. Goodwin', '3', 'Laki-laki', 'Gejala', '2022-07-22', '2022'),
('8196837175930001', 37, 'Keane P. Garza', '3', 'Perempuan', 'Gejala', '2023-07-19', '2023'),
('8197216385890001', 36, 'Aileen D. Jacobs', '4', 'Laki-laki', 'Gejala', '2023-08-26', '2023'),
('8197216622940001', 39, 'May D. Cook', '7', 'Perempuan', 'Aktif', '2023-08-29', '2023'),
('8197242422120001', 15, 'Vance P. Kim', '6', 'Laki-laki', 'Aktif', '2023-08-29', '2023'),
('8197312415680001', 25, 'Nasim I. Howe', '1', 'Perempuan', 'Aktif', '2022-07-06', '2022'),
('8197575011280001', 39, 'Carly Y. Miller', '10', 'Laki-laki', 'Aktif', '2023-07-06', '2023'),
('8197714228910001', 14, 'Logan C. Travis', '9', 'Perempuan', 'Gejala', '2022-07-20', '2022'),
('8197810503380001', 44, 'Sarah P. Kramer', '2', 'Laki-laki', 'Aktif', '2023-07-06', '2023'),
('8197813112230001', 40, 'Gareth Q. Campos', '4', 'Perempuan', 'Sembuh', '2023-09-14', '2023'),
('8197912525720001', 28, 'Heather O. Reyes', '0', 'Perempuan', 'Sembuh', '2022-08-10', '2022'),
('8198332675740001', 44, 'Derek R. Russo', '9', 'Laki-laki', 'Aktif', '2022-09-27', '2022'),
('8198670978230001', 14, 'Ava Y. Olson', '5', 'Perempuan', 'Sembuh', '2023-09-23', '2023'),
('8198728321550001', 13, 'Alexa F. Allison', '10', 'Perempuan', 'Aktif', '2022-09-25', '2022'),
('8198756425580001', 25, 'Nigel L. Bell', '2', 'Perempuan', 'Sembuh', '2022-07-10', '2022'),
('8198942742230001', 11, 'Maryam M. Decker', '9', 'Laki-laki', 'Sembuh', '2022-07-14', '2022'),
('8199321157450001', 15, 'Hector T. Mcdowell', '6', 'Laki-laki', 'Gejala', '2023-09-02', '2023'),
('8199389814720001', 24, 'Merritt D. Contreras', '8', 'Perempuan', 'Aktif', '2023-09-25', '2023'),
('8199576418660001', 23, 'Kitra B. Wooten', '8', 'Perempuan', 'Aktif', '2022-09-18', '2022'),
('8199728215310001', 35, 'Raphael H. Leblanc', '2', 'Perempuan', 'Gejala', '2023-08-15', '2023'),
('8199847048470001', 15, 'Ariana D. Wilder', '9', 'Perempuan', 'Sembuh', '2023-07-17', '2023');

-- --------------------------------------------------------

--
-- Struktur dari tabel `kecamatan`
--

CREATE TABLE `kecamatan` (
  `id_kec` int(11) NOT NULL,
  `kecamatan` text NOT NULL,
  `gambar` text NOT NULL
) ENGINE=InnoDB DEFAULT CHARSET=utf8mb4 COLLATE=utf8mb4_general_ci;

--
-- Dumping data untuk tabel `kecamatan`
--

INSERT INTO `kecamatan` (`id_kec`, `kecamatan`, `gambar`) VALUES
(1, 'Teluk Ambon', 'teluk ambon new.png'),
(2, 'Baguala', 'baguala.png'),
(3, 'Leitimur Sel', 'leitimur.png'),
(4, 'Sirimau', 'sirimau.png'),
(5, 'Nusaniwe', 'nusaniwe.png');

-- --------------------------------------------------------

--
-- Struktur dari tabel `login`
--

CREATE TABLE `login` (
  `id_login` int(11) NOT NULL,
  `username` text NOT NULL,
  `password` text NOT NULL,
  `status` text NOT NULL,
  `nama` text NOT NULL,
  `foto` text NOT NULL
) ENGINE=InnoDB DEFAULT CHARSET=utf8mb4 COLLATE=utf8mb4_general_ci;

--
-- Dumping data untuk tabel `login`
--

INSERT INTO `login` (`id_login`, `username`, `password`, `status`, `nama`, `foto`) VALUES
(1, 'admin', '$2y$10$5C9cbWRWtRBYpOJDUEVRZ.KVdFQSR4TXg7Jo5Y71bqPoGvQl56GLy', 'admin', 'Cristin Sopacua', 'messages-22.jpg');

-- --------------------------------------------------------

--
-- Struktur dari tabel `website`
--

CREATE TABLE `website` (
  `id` int(11) NOT NULL,
  `nama` text NOT NULL,
  `logo` text NOT NULL
) ENGINE=InnoDB DEFAULT CHARSET=utf8mb4 COLLATE=utf8mb4_general_ci;

--
-- Dumping data untuk tabel `website`
--

INSERT INTO `website` (`id`, `nama`, `logo`) VALUES
(1, 'Ambon', 'Ambon.png');

--
-- Indexes for dumped tables
--

--
-- Indeks untuk tabel `desa`
--
ALTER TABLE `desa`
  ADD PRIMARY KEY (`id_desa`);

--
-- Indeks untuk tabel `dt_stunting`
--
ALTER TABLE `dt_stunting`
  ADD PRIMARY KEY (`nik`);

--
-- Indeks untuk tabel `kecamatan`
--
ALTER TABLE `kecamatan`
  ADD PRIMARY KEY (`id_kec`);

--
-- Indeks untuk tabel `login`
--
ALTER TABLE `login`
  ADD PRIMARY KEY (`id_login`);

--
-- Indeks untuk tabel `website`
--
ALTER TABLE `website`
  ADD PRIMARY KEY (`id`);

--
-- AUTO_INCREMENT untuk tabel yang dibuang
--

--
-- AUTO_INCREMENT untuk tabel `desa`
--
ALTER TABLE `desa`
  MODIFY `id_desa` int(11) NOT NULL AUTO_INCREMENT, AUTO_INCREMENT=51;

--
-- AUTO_INCREMENT untuk tabel `kecamatan`
--
ALTER TABLE `kecamatan`
  MODIFY `id_kec` int(11) NOT NULL AUTO_INCREMENT, AUTO_INCREMENT=6;

--
-- AUTO_INCREMENT untuk tabel `login`
--
ALTER TABLE `login`
  MODIFY `id_login` int(11) NOT NULL AUTO_INCREMENT, AUTO_INCREMENT=2;

--
-- AUTO_INCREMENT untuk tabel `website`
--
ALTER TABLE `website`
  MODIFY `id` int(11) NOT NULL AUTO_INCREMENT, AUTO_INCREMENT=2;
COMMIT;

/*!40101 SET CHARACTER_SET_CLIENT=@OLD_CHARACTER_SET_CLIENT */;
/*!40101 SET CHARACTER_SET_RESULTS=@OLD_CHARACTER_SET_RESULTS */;
/*!40101 SET COLLATION_CONNECTION=@OLD_COLLATION_CONNECTION */;
